median,farmer_land_name,fieldID,season
0.04832374723300367,Aleksandr,0,2019
0.02495608023350189,Aleksandr,1,2019
0.03270028432752368,Aleksandr,2,2019
0.016597710718223812,Aleksandr,3,2019
0.06098355636563555,Aleksandr,4,2019
0.07178961118136674,Aleksandr,5,2019
0.06495973818267707,Aleksandr,6,2019
0.028056846769607586,Aleksandr,7,2019
0.03077802214553726,Aleksandr,8,2019
0.056184457895108536,Aleksandr,9,2019
0.05325993413083077,Aleksandr,10,2019
0.03809900589428316,Aleksandr,11,2019
0.05422419487068365,Aleksandr,12,2019
0.046385408707649206,Aleksandr,13,2019
-0.016539851350611763,Aleksandr,14,2019
0.023893207316371432,Aleksandr,15,2019
0.022921373483692303,Aleksandr,16,2019
0.021726498435840142,Aleksandr,17,2019
0.04153124459356028,Aleksandr,18,2019
0.04792339481432953,Aleksandr,19,2019
0.03369050490356014,Aleksandr,20,2019
0.0581023110584051,Aleksandr,21,2019
0.05765008839674893,Aleksandr,22,2019
0.07274687161154961,Aleksandr,23,2019
0.03366719012894921,Aleksandr,24,2019
0.04592537330387851,Aleksandr,25,2019
0.03026831701762863,Aleksandr,26,2019
0.02055006094684184,Aleksandr,27,2019
0.04636036824583869,Aleksandr,28,2019
0.030771262629965726,Aleksandr,29,2019
0.02783376376248589,Aleksandr,30,2019
0.021735294104922347,Aleksandr,31,2019
0.04542923136426695,Aleksandr,32,2019
0.022203799951054183,Aleksandr,33,2019
0.0498299754079394,Aleksandr,34,2019
0.01611622950359445,Aleksandr,35,2019
0.03613752188110632,Aleksandr,36,2019
0.020022386996901908,Aleksandr,37,2019
0.016100308288248422,Aleksandr,38,2019
0.0268387837301653,Aleksandr,39,2019
0.018469942628052814,Aleksandr,40,2019
0.07081316648911999,Aleksandr,41,2019
0.022939226943167752,Aleksandr,42,2019
0.03997724013829414,Aleksandr,43,2019
0.06395495432967252,Aleksandr,44,2019
0.030757624008494362,Aleksandr,45,2019
0.03758879795620215,Aleksandr,46,2019
0.05566200049645585,Aleksandr,47,2019
0.03373556646682658,Aleksandr,48,2019
0.0249044058601762,Aleksandr,49,2019
0.0420300650566589,Aleksandr,50,2019
0.040014985845613686,Aleksandr,51,2019
0.03268034537718658,Aleksandr,52,2019
0.023939092613815542,Aleksandr,53,2019
0.019010374688413968,Aleksandr,54,2019
0.015132863626317822,Aleksandr,0,2020
0.006540675615643339,Aleksandr,1,2020
0.06614016392785327,Aleksandr,2,2020
0.013176401849449213,Aleksandr,3,2020
0.028081579890499874,Aleksandr,4,2020
0.03625613110045255,Aleksandr,5,2020
-0.0005146040232082541,Aleksandr,6,2020
0.07368409986871598,Aleksandr,7,2020
0.047845376472987984,Aleksandr,8,2020
0.06743013080700508,Aleksandr,9,2020
0.003375137868947835,Aleksandr,10,2020
0.06981275191365034,Aleksandr,11,2020
0.00042703217570401214,Aleksandr,12,2020
0.06489764785748929,Aleksandr,13,2020
0.03998362143985064,Aleksandr,14,2020
0.05810186102214171,Aleksandr,15,2020
0.05419042431682551,Aleksandr,16,2020
0.07154874719117968,Aleksandr,17,2020
0.08301235000146552,Aleksandr,18,2020
0.002433017081121988,Aleksandr,19,2020
0.0775977621973947,Aleksandr,20,2020
0.00243601730038028,Aleksandr,21,2020
0.0053546939606856645,Aleksandr,22,2020
0.0007202473071296878,Aleksandr,23,2020
-0.002429659179714264,Aleksandr,24,2020
-0.0014586521925864233,Aleksandr,25,2020
0.07861047656581344,Aleksandr,26,2020
0.06883670598181396,Aleksandr,27,2020
0.091321385266452,Aleksandr,28,2020
0.019046739650068808,Aleksandr,29,2020
0.02002390886157055,Aleksandr,30,2020
0.02613188531145869,Aleksandr,31,2020
0.10767898206702536,Aleksandr,32,2020
0.028569271135906817,Aleksandr,33,2020
0.07958126598880108,Aleksandr,34,2020
0.025634846343153973,Aleksandr,35,2020
0.08550922567649118,Aleksandr,36,2020
0.04057924454414949,Aleksandr,37,2020
0.02272574434485628,Aleksandr,38,2020
0.08352318102298327,Aleksandr,39,2020
0.02249377856605007,Aleksandr,40,2020
-0.001012006918003502,Aleksandr,41,2020
0.055509815861781435,Aleksandr,42,2020
0.0004420285123838991,Aleksandr,43,2020
0.002413709761793082,Aleksandr,44,2020
0.06199771145408148,Aleksandr,45,2020
0.06858980947409768,Aleksandr,46,2020
0.00043639838860159736,Aleksandr,47,2020
0.0717886213636814,Aleksandr,48,2020
0.06518565738670447,Aleksandr,49,2020
0.06551648364353682,Aleksandr,50,2020
0.05616831258704962,Aleksandr,51,2020
0.05740722655219031,Aleksandr,52,2020
0.07492322390371899,Aleksandr,53,2020
0.05642742409961843,Aleksandr,54,2020
0.10496928261067624,Aleksandr,0,2021
0.03638637397024366,Aleksandr,1,2021
0.06925632183179649,Aleksandr,2,2021
0.05028781682374939,Aleksandr,3,2021
0.08887501088753744,Aleksandr,4,2021
0.11279974796849747,Aleksandr,5,2021
0.10449565016483267,Aleksandr,6,2021
0.047830622459173085,Aleksandr,7,2021
0.02879461004448307,Aleksandr,8,2021
-0.000529577759019237,Aleksandr,9,2021
0.09514696286802056,Aleksandr,10,2021
-0.0014748910276384025,Aleksandr,11,2021
0.09286169757743712,Aleksandr,12,2021
0.07765861871743117,Aleksandr,13,2021
0.05227039003726185,Aleksandr,14,2021
0.0747372264488466,Aleksandr,15,2021
0.07863899248927349,Aleksandr,16,2021
0.04245739529606513,Aleksandr,17,2021
0.0014703334475412875,Aleksandr,18,2021
0.0967164987567123,Aleksandr,19,2021
-0.0014679822373313582,Aleksandr,20,2021
0.09425019730494397,Aleksandr,21,2021
0.1254421622289462,Aleksandr,22,2021
0.10499231353589622,Aleksandr,23,2021
0.11814027822949,Aleksandr,24,2021
0.10841037199428906,Aleksandr,25,2021
0.0478731360410423,Aleksandr,26,2021
0.12061297698737156,Aleksandr,27,2021
0.04787691634811683,Aleksandr,28,2021
0.09475149274606172,Aleksandr,29,2021
0.10106483220248866,Aleksandr,30,2021
0.10687449627053104,Aleksandr,31,2021
0.07916819714631693,Aleksandr,32,2021
0.1118842108786691,Aleksandr,33,2021
0.12404684372711255,Aleksandr,34,2021
0.10891393229401862,Aleksandr,35,2021
0.11817893004031578,Aleksandr,36,2021
0.08888538070128894,Aleksandr,37,2021
0.12260672113586578,Aleksandr,38,2021
0.12594865079581852,Aleksandr,39,2021
0.1142180230209571,Aleksandr,40,2021
0.12603647407715465,Aleksandr,41,2021
0.1128177652715536,Aleksandr,42,2021
0.11628006692592988,Aleksandr,43,2021
0.08499608658915409,Aleksandr,44,2021
0.06540710096687559,Aleksandr,45,2021
0.06687805838990765,Aleksandr,46,2021
0.12251512104502092,Aleksandr,47,2021
0.06983974227518831,Aleksandr,48,2021
0.06294101573456394,Aleksandr,49,2021
-0.002957379727037513,Aleksandr,50,2021
-0.004832073485970561,Aleksandr,51,2021
-0.00637963583809886,Aleksandr,52,2021
0.0812888936898321,Aleksandr,53,2021
0.0766627979273123,Aleksandr,54,2021
0.0268716963358656,archangelskoe,55,2019
0.021958020638196084,archangelskoe,56,2019
0.06689013504034311,archangelskoe,57,2019
0.02633723739227591,archangelskoe,58,2019
0.020995843445200186,archangelskoe,59,2019
0.020980112541151067,archangelskoe,60,2019
0.059551044114064776,archangelskoe,61,2019
0.04245136269327337,archangelskoe,62,2019
0.035652583712044474,archangelskoe,63,2019
0.010695699341462427,archangelskoe,64,2019
0.03418527790616868,archangelskoe,65,2019
0.020539662119567384,archangelskoe,66,2019
0.10110451351794053,archangelskoe,67,2019
0.020981102081190462,archangelskoe,68,2019
0.05419684378746471,archangelskoe,69,2019
0.05318915387746664,archangelskoe,70,2019
0.06885585117161118,archangelskoe,71,2019
0.11476749650929742,archangelskoe,72,2019
0.09284683220545596,archangelskoe,73,2019
0.048321406135692,archangelskoe,74,2019
0.02050265906323671,archangelskoe,75,2019
0.02980855102687873,archangelskoe,76,2019
0.024161615750473882,archangelskoe,77,2019
0.10888756062465976,archangelskoe,78,2019
0.01853312174435601,archangelskoe,79,2019
0.04444099331728458,archangelskoe,80,2019
0.08006547815583429,archangelskoe,81,2019
0.0459482999739124,archangelskoe,82,2019
0.03466416477067785,archangelskoe,83,2019
0.05799192020838913,archangelskoe,84,2019
0.02783748405442104,archangelskoe,85,2019
0.02242494392852736,archangelskoe,86,2019
0.03416766537755453,archangelskoe,87,2019
0.02589022833618582,archangelskoe,88,2019
0.02679072234591918,archangelskoe,89,2019
0.026843517333063567,archangelskoe,90,2019
0.035660848842568885,archangelskoe,91,2019
0.040247211312743454,archangelskoe,92,2019
0.044399787545711535,archangelskoe,93,2019
0.03665315208955869,archangelskoe,94,2019
0.09125926655360417,archangelskoe,95,2019
0.044181848341128524,archangelskoe,96,2019
0.046396559900143616,archangelskoe,97,2019
0.04444828525733557,archangelskoe,98,2019
0.08440975124006432,archangelskoe,99,2019
0.07174483010084988,archangelskoe,100,2019
0.07716626096641686,archangelskoe,101,2019
0.08736872268900171,archangelskoe,102,2019
0.02050830655793353,archangelskoe,103,2019
0.016652912284729145,archangelskoe,104,2019
0.05124713630175159,archangelskoe,105,2019
0.12161372183313895,archangelskoe,106,2019
0.0263601389710922,archangelskoe,107,2019
0.020516730428396718,archangelskoe,108,2019
0.07958785691983772,archangelskoe,109,2019
0.020045698479685348,archangelskoe,110,2019
0.08886469464540413,archangelskoe,111,2019
0.08641791282776771,archangelskoe,112,2019
0.028785849906716857,archangelskoe,113,2019
0.028806772410654005,archangelskoe,114,2019
0.029048415584064367,archangelskoe,115,2019
0.02295393455893159,archangelskoe,116,2019
0.034184140276328434,archangelskoe,117,2019
0.06594428884067165,archangelskoe,118,2019
0.06152612643216958,archangelskoe,119,2019
0.019981340477779275,archangelskoe,120,2019
0.02685097041326583,archangelskoe,121,2019
0.022540556736290424,archangelskoe,122,2019
0.01807990238484442,archangelskoe,123,2019
0.023931084884629687,archangelskoe,124,2019
0.016109085156468982,archangelskoe,125,2019
0.016345154015904667,archangelskoe,126,2019
0.018014841604158213,archangelskoe,127,2019
0.02196011070332459,archangelskoe,128,2019
0.02592063178887816,archangelskoe,129,2019
0.04050465361489385,archangelskoe,130,2019
0.030796454729218232,archangelskoe,131,2019
0.02043489480826069,archangelskoe,132,2019
0.026446145444682184,archangelskoe,133,2019
0.02679922118575544,archangelskoe,134,2019
0.031752389227658336,archangelskoe,135,2019
0.03662464349798116,archangelskoe,136,2019
0.020546772589676784,archangelskoe,137,2019
0.0941658714659174,archangelskoe,138,2019
0.09424043670063632,archangelskoe,139,2019
0.024892462206331085,archangelskoe,140,2019
0.030710248085386693,archangelskoe,141,2019
0.027106236406784272,archangelskoe,142,2019
0.09908258696649276,archangelskoe,143,2019
0.129384968401007,archangelskoe,144,2019
0.11813913997148733,archangelskoe,145,2019
0.1351629818644322,archangelskoe,146,2019
0.12544155364277454,archangelskoe,147,2019
0.06978886142224879,archangelskoe,148,2019
0.07178564253213511,archangelskoe,149,2019
0.13625788359102387,archangelskoe,150,2019
0.13129207216195066,archangelskoe,151,2019
0.11567056710452472,archangelskoe,152,2019
0.023194588071911718,archangelskoe,153,2019
0.02685699647732615,archangelskoe,154,2019
0.024909643506011568,archangelskoe,155,2019
0.02395845027681158,archangelskoe,156,2019
0.018083449388029256,archangelskoe,157,2019
0.02003347252998356,archangelskoe,158,2019
0.013171275691637823,archangelskoe,159,2019
0.013188124030866562,archangelskoe,160,2019
0.010287410591867965,archangelskoe,161,2019
0.03460829628907357,archangelskoe,162,2019
0.06691227727206801,archangelskoe,163,2019
0.05762525856353911,archangelskoe,164,2019
0.09535003410871162,archangelskoe,165,2019
0.07665248838298219,archangelskoe,166,2019
0.10306128949363703,archangelskoe,167,2019
0.09060599013221324,archangelskoe,168,2019
0.09128299095146417,archangelskoe,169,2019
0.05814613869964155,archangelskoe,170,2019
0.12550572482496095,archangelskoe,171,2019
0.06591728700610026,archangelskoe,172,2019
0.06878770198526239,archangelskoe,173,2019
0.12356964414635425,archangelskoe,174,2019
0.13623430786009186,archangelskoe,175,2019
0.0689429295417115,archangelskoe,176,2019
0.14794495943277491,archangelskoe,177,2019
0.06490456421234336,archangelskoe,178,2019
0.027831164569122567,archangelskoe,179,2019
0.03076998327381888,archangelskoe,180,2019
0.021007574949898026,archangelskoe,181,2019
0.07374694187060034,archangelskoe,182,2019
0.07667423566684978,archangelskoe,183,2019
0.025165190403349608,archangelskoe,184,2019
0.03197718567773671,archangelskoe,185,2019
0.04465458437547847,archangelskoe,186,2019
0.039762245033867896,archangelskoe,187,2019
0.03343510891628993,archangelskoe,188,2019
0.04152676499112011,archangelskoe,189,2019
0.038312792610884494,archangelskoe,190,2019
0.1008345067501068,archangelskoe,191,2019
0.08255347160375015,archangelskoe,192,2019
0.03079489281403744,archangelskoe,193,2019
0.019096606116929208,archangelskoe,194,2019
0.050290620346153975,archangelskoe,195,2019
0.041473719417630416,archangelskoe,196,2019
0.03663596027367483,archangelskoe,197,2019
0.03662700372579681,archangelskoe,198,2019
0.0199919503894939,archangelskoe,199,2019
0.02101858183067315,archangelskoe,200,2019
0.019053316969340102,archangelskoe,201,2019
0.022532341348511026,archangelskoe,202,2019
0.08816270016395326,archangelskoe,203,2019
0.02637015965365361,archangelskoe,204,2019
0.05395711366448689,archangelskoe,55,2020
0.00171464215152861,archangelskoe,56,2020
-0.0007523152897315152,archangelskoe,57,2020
0.029050002221682924,archangelskoe,58,2020
0.0017006888250949929,archangelskoe,59,2020
0.03613092089137464,archangelskoe,60,2020
0.02194912509514758,archangelskoe,61,2020
0.09885541248473427,archangelskoe,62,2020
0.09401250587659027,archangelskoe,63,2020
-0.002430241026820768,archangelskoe,64,2020
0.083733637400478,archangelskoe,65,2020
0.02318988482701469,archangelskoe,66,2020
0.02198889028673889,archangelskoe,67,2020
0.02632789529724736,archangelskoe,68,2020
0.004921868927021575,archangelskoe,69,2020
0.033455914137927,archangelskoe,70,2020
0.038575641462738536,archangelskoe,71,2020
0.06568386222495406,archangelskoe,72,2020
0.004637485737914129,archangelskoe,73,2020
0.0012088044265094644,archangelskoe,74,2020
0.025615924787383733,archangelskoe,75,2020
0.04634660794257586,archangelskoe,76,2020
0.019744130408427287,archangelskoe,77,2020
0.006338052349173322,archangelskoe,78,2020
0.03246487421291982,archangelskoe,79,2020
0.04179150336329665,archangelskoe,80,2020
0.013911301891591385,archangelskoe,81,2020
0.08643757083488579,archangelskoe,82,2020
0.06882370460306295,archangelskoe,83,2020
0.0783493272960186,archangelskoe,84,2020
0.07300327670300487,archangelskoe,85,2020
0.02393934156528241,archangelskoe,86,2020
0.04418006537164918,archangelskoe,87,2020
0.04443389584761407,archangelskoe,88,2020
0.0627258171637853,archangelskoe,89,2020
0.05298996049583963,archangelskoe,90,2020
0.0850563111337143,archangelskoe,91,2020
0.04674620383993331,archangelskoe,92,2020
0.0553124375641346,archangelskoe,93,2020
0.09231419726594324,archangelskoe,94,2020
0.008283857669249276,archangelskoe,95,2020
0.07968085929506502,archangelskoe,96,2020
0.06273704857337092,archangelskoe,97,2020
0.055767713642317314,archangelskoe,98,2020
0.011473423322878273,archangelskoe,99,2020
0.0051515725343580145,archangelskoe,100,2020
0.006113095779154153,archangelskoe,101,2020
0.052484895213099216,archangelskoe,102,2020
0.035640671910121026,archangelskoe,103,2020
0.03565868945852279,archangelskoe,104,2020
0.0044024537380720425,archangelskoe,105,2020
0.0713468607685697,archangelskoe,106,2020
0.018783980341276832,archangelskoe,107,2020
0.017823554737206208,archangelskoe,108,2020
0.0021968527434414907,archangelskoe,109,2020
0.0026857056656214504,archangelskoe,110,2020
0.002193634487961379,archangelskoe,111,2020
6.618449717837772e-05,archangelskoe,112,2020
0.042479437366954725,archangelskoe,113,2020
0.04564554947936893,archangelskoe,114,2020
0.04223593599857235,archangelskoe,115,2020
0.0007437799788424876,archangelskoe,116,2020
0.0036462451867495258,archangelskoe,117,2020
0.02952665267079248,archangelskoe,118,2020
0.0270814772886654,archangelskoe,119,2020
0.0016989067735210964,archangelskoe,120,2020
0.05835606383880795,archangelskoe,121,2020
0.06102916538333584,archangelskoe,122,2020
0.0006929197040716967,archangelskoe,123,2020
0.05638776855101031,archangelskoe,124,2020
0.0014553749563939458,archangelskoe,125,2020
0.012931500626169184,archangelskoe,126,2020
0.009992827024065794,archangelskoe,127,2020
0.0007001974566289457,archangelskoe,128,2020
0.007086877195923829,archangelskoe,129,2020
0.01196304272544145,archangelskoe,130,2020
0.016363322546767627,archangelskoe,131,2020
0.05540502966113088,archangelskoe,132,2020
0.08227474275302588,archangelskoe,133,2020
0.06910329795131846,archangelskoe,134,2020
0.08226216707275913,archangelskoe,135,2020
0.0930261566948654,archangelskoe,136,2020
0.06590118596386918,archangelskoe,137,2020
0.031485982305138716,archangelskoe,138,2020
0.02467934087682825,archangelskoe,139,2020
0.072032338667713,archangelskoe,140,2020
0.06908538650814974,archangelskoe,141,2020
0.07006840415915938,archangelskoe,142,2020
0.026848120154029792,archangelskoe,143,2020
0.05104473346691357,archangelskoe,144,2020
0.05021602952293429,archangelskoe,145,2020
0.05443230179176578,archangelskoe,146,2020
0.05100095694731202,archangelskoe,147,2020
0.0051237217126305894,archangelskoe,148,2020
0.027827413287926147,archangelskoe,149,2020
0.05539433976658429,archangelskoe,150,2020
0.0505201642375618,archangelskoe,151,2020
0.05051590585288429,archangelskoe,152,2020
0.02257344017171205,archangelskoe,153,2020
0.02028271492813933,archangelskoe,154,2020
0.01869402526065035,archangelskoe,155,2020
0.02563018309667757,archangelskoe,156,2020
0.028206308538611613,archangelskoe,157,2020
0.028097822955637345,archangelskoe,158,2020
0.028082125614652,archangelskoe,159,2020
0.02462937974480597,archangelskoe,160,2020
0.02559750235333437,archangelskoe,161,2020
0.06740955439236056,archangelskoe,162,2020
0.07322578503445851,archangelskoe,163,2020
0.0029989522433915023,archangelskoe,164,2020
-0.0005865476373037393,archangelskoe,165,2020
0.04725407681899098,archangelskoe,166,2020
0.04567827313205967,archangelskoe,167,2020
0.008040461021322486,archangelskoe,168,2020
-0.0014481508578805169,archangelskoe,169,2020
0.0065845487251256895,archangelskoe,170,2020
0.0747460250866733,archangelskoe,171,2020
0.006088671453357317,archangelskoe,172,2020
0.0065913169004530574,archangelskoe,173,2020
0.059055851926641936,archangelskoe,174,2020
0.06762793066047512,archangelskoe,175,2020
0.0031936454376386056,archangelskoe,176,2020
0.06593283551750853,archangelskoe,177,2020
0.002670316685666643,archangelskoe,178,2020
0.013435993674862314,archangelskoe,179,2020
0.01271603410614429,archangelskoe,180,2020
0.03098700383008128,archangelskoe,181,2020
0.04075445512846927,archangelskoe,182,2020
0.04713671583534861,archangelskoe,183,2020
0.0832350863984146,archangelskoe,184,2020
0.09883114502545813,archangelskoe,185,2020
0.05706309527158737,archangelskoe,186,2020
0.04556355658302301,archangelskoe,187,2020
0.08617598505574868,archangelskoe,188,2020
0.10084008864539763,archangelskoe,189,2020
0.09547117047534152,archangelskoe,190,2020
0.010225444298273068,archangelskoe,191,2020
0.0017182284006415467,archangelskoe,192,2020
0.05054052955201562,archangelskoe,193,2020
0.05763907298538521,archangelskoe,194,2020
0.057850719624568975,archangelskoe,195,2020
0.05930273135282855,archangelskoe,196,2020
0.06714590729373597,archangelskoe,197,2020
0.05250357829600073,archangelskoe,198,2020
0.06302516103046761,archangelskoe,199,2020
0.05832391771438875,archangelskoe,200,2020
0.029426096538400764,archangelskoe,201,2020
0.03293916824863668,archangelskoe,202,2020
0.012347714065042113,archangelskoe,203,2020
0.06302100147106621,archangelskoe,204,2020
0.002935392121426196,archangelskoe,55,2021
0.1030463435823441,archangelskoe,56,2021
0.10766015777889973,archangelskoe,57,2021
0.0483336084282038,archangelskoe,58,2021
0.09880116442218424,archangelskoe,59,2021
0.00044280339690732013,archangelskoe,60,2021
0.13210219428835154,archangelskoe,61,2021
0.06568067620931889,archangelskoe,62,2021
0.06713367072334067,archangelskoe,63,2021
0.08936664773367914,archangelskoe,64,2021
0.08273600922204259,archangelskoe,65,2021
0.05710556134660625,archangelskoe,66,2021
0.10108125078970667,archangelskoe,67,2021
0.07374896590848888,archangelskoe,68,2021
0.09740572273731232,archangelskoe,69,2021
0.1371900028625487,archangelskoe,70,2021
0.13987116171652614,archangelskoe,71,2021
0.09398720182535246,archangelskoe,72,2021
0.011466637692924877,archangelskoe,73,2021
0.09910312464897084,archangelskoe,74,2021
0.020018233618599016,archangelskoe,75,2021
0.034171247599804125,archangelskoe,76,2021
0.048312306390670655,archangelskoe,77,2021
0.030258816844057176,archangelskoe,78,2021
0.11084938816825927,archangelskoe,79,2021
0.018479163499849325,archangelskoe,80,2021
0.01896928998677059,archangelskoe,81,2021
0.0727763700667203,archangelskoe,82,2021
0.005372977674172044,archangelskoe,83,2021
0.0004434934840026532,archangelskoe,84,2021
-0.00030985006027039563,archangelskoe,85,2021
0.005358427420025601,archangelskoe,86,2021
0.004411521231240212,archangelskoe,87,2021
-0.001724974302682168,archangelskoe,88,2021
-0.0002760475174242103,archangelskoe,89,2021
0.002476686993449759,archangelskoe,90,2021
0.07886291068604909,archangelskoe,91,2021
0.07249406895428183,archangelskoe,92,2021
0.0726123545318842,archangelskoe,93,2021
0.07351461568276338,archangelskoe,94,2021
0.1115774133089763,archangelskoe,95,2021
0.07057935677983812,archangelskoe,96,2021
0.0773748969613964,archangelskoe,97,2021
0.07349307236183833,archangelskoe,98,2021
0.10232501771963888,archangelskoe,99,2021
0.08128087724628236,archangelskoe,100,2021
0.09105514543100518,archangelskoe,101,2021
0.09816168294543756,archangelskoe,102,2021
0.06984091828556271,archangelskoe,103,2021
0.06399456899512546,archangelskoe,104,2021
0.1186455889191864,archangelskoe,105,2021
0.11958795866418567,archangelskoe,106,2021
0.0444343698928148,archangelskoe,107,2021
0.011962739387077238,archangelskoe,108,2021
0.12446935020960555,archangelskoe,109,2021
0.07935735295056355,archangelskoe,110,2021
0.08811588461853373,archangelskoe,111,2021
0.09839123419223164,archangelskoe,112,2021
-0.0034205409447967683,archangelskoe,113,2021
-0.0024522596886066123,archangelskoe,114,2021
-0.002451696259936591,archangelskoe,115,2021
0.09712599880440624,archangelskoe,116,2021
0.13258384145317031,archangelskoe,117,2021
0.14109363128485167,archangelskoe,118,2021
0.1410757589559126,archangelskoe,119,2021
0.1144886774199824,archangelskoe,120,2021
0.052486626437214544,archangelskoe,121,2021
0.05152210890425108,archangelskoe,122,2021
0.11204202835648737,archangelskoe,123,2021
0.044186380371684215,archangelskoe,124,2021
0.09230067487808316,archangelskoe,125,2021
0.09813404234465087,archangelskoe,126,2021
0.09912133578042401,archangelskoe,127,2021
0.09400625544242636,archangelskoe,128,2021
0.10594932839539184,archangelskoe,129,2021
0.1252210652077548,archangelskoe,130,2021
0.11474886639010425,archangelskoe,131,2021
0.092755904279914,archangelskoe,132,2021
0.09921343614593983,archangelskoe,133,2021
0.08931862397285402,archangelskoe,134,2021
0.07961477105660031,archangelskoe,135,2021
0.07766066709809392,archangelskoe,136,2021
0.08101719168728277,archangelskoe,137,2021
0.09912952970850722,archangelskoe,138,2021
0.09643500430081868,archangelskoe,139,2021
0.08259286573327003,archangelskoe,140,2021
0.07764564647641357,archangelskoe,141,2021
0.07471626083224428,archangelskoe,142,2021
0.09818781239314607,archangelskoe,143,2021
0.13950985309166744,archangelskoe,144,2021
0.14304035127449966,archangelskoe,145,2021
0.13051867507821646,archangelskoe,146,2021
0.1362256480056969,archangelskoe,147,2021
0.15191264589978165,archangelskoe,148,2021
0.14109196856369188,archangelskoe,149,2021
0.13912990355485902,archangelskoe,150,2021
0.12736371467374946,archangelskoe,151,2021
0.12790738375536326,archangelskoe,152,2021
0.04907209362472769,archangelskoe,153,2021
0.045357642791741086,archangelskoe,154,2021
0.04248935046934767,archangelskoe,155,2021
0.041517490481896506,archangelskoe,156,2021
0.04440600083266954,archangelskoe,157,2021
0.04147654327400399,archangelskoe,158,2021
0.04247143871170018,archangelskoe,159,2021
0.03949809242039919,archangelskoe,160,2021
0.04564100064363843,archangelskoe,161,2021
0.07960392414418213,archangelskoe,162,2021
0.05805033013105716,archangelskoe,163,2021
0.11501119276318332,archangelskoe,164,2021
0.14427191940006548,archangelskoe,165,2021
0.13158183312043548,archangelskoe,166,2021
0.13064367536987578,archangelskoe,167,2021
0.12422791329585264,archangelskoe,168,2021
0.10866544671645713,archangelskoe,169,2021
0.1394073887228701,archangelskoe,170,2021
0.09819909106333437,archangelskoe,171,2021
0.13790143148376444,archangelskoe,172,2021
0.13841431393762524,archangelskoe,173,2021
0.09325103400603686,archangelskoe,174,2021
0.09423212543966457,archangelskoe,175,2021
0.12767522621822994,archangelskoe,176,2021
0.09429309200337734,archangelskoe,177,2021
0.1197158588477451,archangelskoe,178,2021
0.018996236823287087,archangelskoe,179,2021
0.005368695090495965,archangelskoe,180,2021
0.01904635647985906,archangelskoe,181,2021
0.14892740833113974,archangelskoe,182,2021
0.14428640747076366,archangelskoe,183,2021
0.07372263439964521,archangelskoe,184,2021
0.06603237340066419,archangelskoe,185,2021
0.06759767008984847,archangelskoe,186,2021
0.07346589174820768,archangelskoe,187,2021
0.07189410738646984,archangelskoe,188,2021
0.06958111339101672,archangelskoe,189,2021
0.06509181842195251,archangelskoe,190,2021
0.12453019843170272,archangelskoe,191,2021
0.10179482108921804,archangelskoe,192,2021
-0.0014551751660546474,archangelskoe,193,2021
0.07348993385824744,archangelskoe,194,2021
0.11080108613962028,archangelskoe,195,2021
0.07495001901043385,archangelskoe,196,2021
0.05417940369752131,archangelskoe,197,2021
0.05908181603640765,archangelskoe,198,2021
0.05128983662478508,archangelskoe,199,2021
0.07079514320054246,archangelskoe,200,2021
0.03101964638604675,archangelskoe,201,2021
0.1274517481434123,archangelskoe,202,2021
0.08932512246763273,archangelskoe,203,2021
0.002387707343900041,archangelskoe,204,2021
0.12545380082136753,krasnoselskoe,205,2019
0.1137496201558862,krasnoselskoe,206,2019
0.12548469708803833,krasnoselskoe,207,2019
0.14195062642176998,krasnoselskoe,208,2019
0.08798477391410389,krasnoselskoe,209,2019
0.10075820078050468,krasnoselskoe,210,2019
0.12404225681312235,krasnoselskoe,211,2019
0.1435409434938455,krasnoselskoe,212,2019
0.10055802156065786,krasnoselskoe,213,2019
0.12355852928731365,krasnoselskoe,214,2019
0.1279451848187716,krasnoselskoe,215,2019
0.12700517988329865,krasnoselskoe,216,2019
0.12197029472063102,krasnoselskoe,217,2019
0.149369953520268,krasnoselskoe,218,2019
0.10063108071148118,krasnoselskoe,219,2019
0.13428756315857718,krasnoselskoe,220,2019
0.12742296474821427,krasnoselskoe,221,2019
0.11818834017449567,krasnoselskoe,222,2019
0.0907852156137353,krasnoselskoe,223,2019
0.11819437869824576,krasnoselskoe,224,2019
0.1304129578505352,krasnoselskoe,225,2019
0.11765671859946905,krasnoselskoe,226,2019
0.12210849698113925,krasnoselskoe,227,2019
0.10634609265291442,krasnoselskoe,228,2019
0.10845302316169578,krasnoselskoe,229,2019
0.12603424287518808,krasnoselskoe,230,2019
0.13325135796312648,krasnoselskoe,231,2019
0.12918406299182347,krasnoselskoe,232,2019
-0.0030189349252768955,krasnoselskoe,233,2019
0.1400953405836204,krasnoselskoe,234,2019
0.05965725034566353,krasnoselskoe,235,2019
0.11032285039601107,krasnoselskoe,236,2019
0.002041454281172027,krasnoselskoe,237,2019
0.11131945827500216,krasnoselskoe,238,2019
0.10209087113281876,krasnoselskoe,239,2019
0.0927560063707165,krasnoselskoe,240,2019
0.05943352744120407,krasnoselskoe,241,2019
0.09227908529867557,krasnoselskoe,242,2019
0.08301800181882192,krasnoselskoe,243,2019
0.0908704328674737,krasnoselskoe,244,2019
0.0869152007408045,krasnoselskoe,245,2019
0.08791113570692165,krasnoselskoe,246,2019
0.08886719086561971,krasnoselskoe,247,2019
0.09516227121981173,krasnoselskoe,248,2019
0.08107199192472223,krasnoselskoe,249,2019
0.08450267903535302,krasnoselskoe,250,2019
0.09956611286376957,krasnoselskoe,251,2019
0.09615582550840993,krasnoselskoe,252,2019
0.102533122687157,krasnoselskoe,253,2019
0.11273411692703693,krasnoselskoe,254,2019
0.11420988221244935,krasnoselskoe,255,2019
0.10885462477582107,krasnoselskoe,256,2019
0.12215943690093398,krasnoselskoe,257,2019
0.10838415514491596,krasnoselskoe,258,2019
0.08302806496599358,krasnoselskoe,259,2019
0.08644753566826258,krasnoselskoe,260,2019
0.12153627695600322,krasnoselskoe,261,2019
0.10007032524298813,krasnoselskoe,262,2019
0.10893113603173107,krasnoselskoe,263,2019
0.11621930367242406,krasnoselskoe,264,2019
0.01663631021070319,krasnoselskoe,265,2019
0.12542927591901018,krasnoselskoe,205,2020
0.12160263769570875,krasnoselskoe,206,2020
0.12262947630537165,krasnoselskoe,207,2020
0.12231110899071945,krasnoselskoe,208,2020
0.09130996435171884,krasnoselskoe,209,2020
0.1040919834179122,krasnoselskoe,210,2020
0.1176460472682504,krasnoselskoe,211,2020
0.11660834097798932,krasnoselskoe,212,2020
0.1187322100997166,krasnoselskoe,213,2020
0.12451412894328436,krasnoselskoe,214,2020
0.10054456257167774,krasnoselskoe,215,2020
0.1264717621509886,krasnoselskoe,216,2020
0.12159747078232155,krasnoselskoe,217,2020
0.14115205403618605,krasnoselskoe,218,2020
0.10187735611742194,krasnoselskoe,219,2020
0.13244740987229436,krasnoselskoe,220,2020
0.1069274366931971,krasnoselskoe,221,2020
0.10885491233550702,krasnoselskoe,222,2020
0.06690433722990803,krasnoselskoe,223,2020
0.09715568011752064,krasnoselskoe,224,2020
0.13526668218059146,krasnoselskoe,225,2020
0.11275438364211712,krasnoselskoe,226,2020
0.11277521791071485,krasnoselskoe,227,2020
0.1234310250365806,krasnoselskoe,228,2020
0.10247865956520376,krasnoselskoe,229,2020
0.06576314352406197,krasnoselskoe,230,2020
0.06593883435768154,krasnoselskoe,231,2020
0.12535631590255414,krasnoselskoe,232,2020
-0.030320312615893318,krasnoselskoe,233,2020
0.11576148172415428,krasnoselskoe,234,2020
0.0659392884637515,krasnoselskoe,235,2020
0.09471877402701936,krasnoselskoe,236,2020
-0.0004465987803996541,krasnoselskoe,237,2020
0.1025236041975292,krasnoselskoe,238,2020
0.08698416585426715,krasnoselskoe,239,2020
0.08395476849034472,krasnoselskoe,240,2020
0.06489164367088042,krasnoselskoe,241,2020
0.06789471009377306,krasnoselskoe,242,2020
0.07127956067714895,krasnoselskoe,243,2020
0.0987441551119816,krasnoselskoe,244,2020
0.08113426229656537,krasnoselskoe,245,2020
0.06788666430503354,krasnoselskoe,246,2020
0.07959536893600827,krasnoselskoe,247,2020
0.08250159721695523,krasnoselskoe,248,2020
0.07859369269757087,krasnoselskoe,249,2020
0.08309651010097348,krasnoselskoe,250,2020
0.08497038513473808,krasnoselskoe,251,2020
0.08886214934213879,krasnoselskoe,252,2020
0.05517584706825986,krasnoselskoe,253,2020
0.08250114613237716,krasnoselskoe,254,2020
0.08738861506558837,krasnoselskoe,255,2020
0.0922353098101122,krasnoselskoe,256,2020
0.08154272103662166,krasnoselskoe,257,2020
0.06689113728233471,krasnoselskoe,258,2020
0.054170608609973935,krasnoselskoe,259,2020
0.059592684468230975,krasnoselskoe,260,2020
0.08516594763321714,krasnoselskoe,261,2020
0.07639591252354287,krasnoselskoe,262,2020
0.08248812985773095,krasnoselskoe,263,2020
0.08740529998081292,krasnoselskoe,264,2020
0.006815825533056007,krasnoselskoe,265,2020
0.1449964585212561,krasnoselskoe,205,2021
0.17327506101329704,krasnoselskoe,206,2021
0.15379850884967106,krasnoselskoe,207,2021
0.20533579885959624,krasnoselskoe,208,2021
0.17725303220157412,krasnoselskoe,209,2021
0.14700533864922233,krasnoselskoe,210,2021
0.1870753088412465,krasnoselskoe,211,2021
0.14990116726176686,krasnoselskoe,212,2021
0.1391637042370334,krasnoselskoe,213,2021
0.1655197927430898,krasnoselskoe,214,2021
0.17722034632047667,krasnoselskoe,215,2021
0.14698568653814492,krasnoselskoe,216,2021
0.15774313849312532,krasnoselskoe,217,2021
0.1499139290037228,krasnoselskoe,218,2021
0.12835543185176496,krasnoselskoe,219,2021
0.172393480773832,krasnoselskoe,220,2021
0.16925716056834045,krasnoselskoe,221,2021
0.15720050472255212,krasnoselskoe,222,2021
0.15474202969799872,krasnoselskoe,223,2021
0.16216885687448013,krasnoselskoe,224,2021
0.15383795498113925,krasnoselskoe,225,2021
0.16451457526233915,krasnoselskoe,226,2021
0.172857796663406,krasnoselskoe,227,2021
0.1493437555821222,krasnoselskoe,228,2021
0.15335260444487786,krasnoselskoe,229,2021
0.15186297742929006,krasnoselskoe,230,2021
0.14992599584276686,krasnoselskoe,231,2021
0.1545693466446244,krasnoselskoe,232,2021
0.13573739513959754,krasnoselskoe,233,2021
0.16649283097818152,krasnoselskoe,234,2021
0.12807697661174589,krasnoselskoe,235,2021
0.08059406563987298,krasnoselskoe,236,2021
0.021915913978179685,krasnoselskoe,237,2021
0.12990649637233154,krasnoselskoe,238,2021
0.08251078923827343,krasnoselskoe,239,2021
0.09666971639991366,krasnoselskoe,240,2021
0.0795581580917168,krasnoselskoe,241,2021
0.08739523127486434,krasnoselskoe,242,2021
0.08690651815917015,krasnoselskoe,243,2021
0.1142137266630517,krasnoselskoe,244,2021
0.11034637853649366,krasnoselskoe,245,2021
0.13574601176580234,krasnoselskoe,246,2021
0.004904907144633914,krasnoselskoe,247,2021
0.00044159075745532443,krasnoselskoe,248,2021
0.06353445575447889,krasnoselskoe,249,2021
0.0958524278715944,krasnoselskoe,250,2021
0.10052392054532466,krasnoselskoe,251,2021
0.07524024120977557,krasnoselskoe,252,2021
0.08742889264904281,krasnoselskoe,253,2021
0.17046463051263025,krasnoselskoe,254,2021
0.018559685793885013,krasnoselskoe,255,2021
0.15579128629053562,krasnoselskoe,256,2021
0.145972483827743,krasnoselskoe,257,2021
0.12985459280974526,krasnoselskoe,258,2021
0.10063070350127692,krasnoselskoe,259,2021
0.15142414140148627,krasnoselskoe,260,2021
0.13058852611711438,krasnoselskoe,261,2021
0.06787732041661387,krasnoselskoe,262,2021
0.12354458592033454,krasnoselskoe,263,2021
0.12791170185961578,krasnoselskoe,264,2021
0.12403128391083368,krasnoselskoe,265,2021
-0.0029313801838344662,praskoveya,266,2019
-0.006770787993239539,praskoveya,267,2019
0.020519050101284686,praskoveya,268,2019
-0.004970755965099644,praskoveya,269,2019
0.026863216214147424,praskoveya,270,2019
0.023928216192687087,praskoveya,271,2019
-0.004876739456811907,praskoveya,272,2019
0.08695642016086813,praskoveya,273,2019
0.06548133043748604,praskoveya,274,2019
0.08641899915533176,praskoveya,275,2019
0.07667050181430071,praskoveya,276,2019
0.08052196950661407,praskoveya,277,2019
0.07276283088982669,praskoveya,278,2019
0.0707935946109526,praskoveya,279,2019
0.082504073070462,praskoveya,280,2019
-0.0029845152671971282,praskoveya,281,2019
0.07467503184270786,praskoveya,282,2019
0.07081446214358328,praskoveya,283,2019
0.08641786826148683,praskoveya,284,2019
0.08447368356813532,praskoveya,285,2019
0.0007548316820429885,praskoveya,286,2019
0.09615204622269892,praskoveya,287,2019
0.09713420609354824,praskoveya,288,2019
0.07906471597822311,praskoveya,289,2019
0.08059785112266067,praskoveya,290,2019
0.0889375774969107,praskoveya,291,2019
0.07761650380709173,praskoveya,292,2019
0.08107612325433321,praskoveya,293,2019
0.0014553579548274658,praskoveya,294,2019
0.002418036264661289,praskoveya,295,2019
0.014640860849259234,praskoveya,296,2019
0.02554035601843045,praskoveya,297,2019
-0.009288610316976132,praskoveya,298,2019
0.008269200482063126,praskoveya,299,2019
0.01076225197454731,praskoveya,300,2019
-0.008844416746057071,praskoveya,301,2019
0.00730837279083991,praskoveya,302,2019
0.008742221360084424,praskoveya,303,2019
-0.0029906984110978523,praskoveya,304,2019
-0.004852130984566011,praskoveya,305,2019
-0.010285796408150404,praskoveya,306,2019
0.020557465839893808,praskoveya,307,2019
0.07715399184810844,praskoveya,308,2019
0.11616052920836607,praskoveya,309,2019
0.00926732979592172,praskoveya,310,2019
0.00927452833390458,praskoveya,311,2019
0.004844812681988465,praskoveya,312,2019
0.004840195246893586,praskoveya,313,2019
0.0986628906233968,praskoveya,314,2019
0.00291993170518856,praskoveya,315,2019
0.017126610186326184,praskoveya,316,2019
0.06350045087545549,praskoveya,317,2019
-0.0029441911672656285,praskoveya,318,2019
0.011216723082640972,praskoveya,319,2019
0.02705164480549858,praskoveya,320,2019
0.027742379549807163,praskoveya,321,2019
0.024880723214243828,praskoveya,322,2019
0.02103417839612116,praskoveya,323,2019
0.12600668556185024,praskoveya,324,2019
0.016130851689099203,praskoveya,325,2019
-0.0014516454095070345,praskoveya,326,2019
0.003178656003527984,praskoveya,327,2019
0.08690746005616036,praskoveya,328,2019
0.010822754168395638,praskoveya,329,2019
0.016622540336074614,praskoveya,330,2019
0.1103466761134394,praskoveya,331,2019
0.07961412730836782,praskoveya,332,2019
0.049301912126723406,praskoveya,333,2019
-0.0031964131561528822,praskoveya,334,2019
0.06783770431188743,praskoveya,335,2019
0.07471430158971376,praskoveya,336,2019
0.08543696607119075,praskoveya,337,2019
0.1294336184073567,praskoveya,338,2019
0.1342726892906684,praskoveya,339,2019
0.1323148801013443,praskoveya,340,2019
0.13331993176929818,praskoveya,341,2019
0.13765456402240805,praskoveya,342,2019
0.025899714629619104,praskoveya,343,2019
0.02586643233909176,praskoveya,344,2019
0.012718395686283204,praskoveya,345,2019
0.02633654863827234,praskoveya,346,2019
0.037806478984171436,praskoveya,347,2019
0.1337022577685738,praskoveya,348,2019
0.0053467463922144045,praskoveya,349,2019
0.006342900839842836,praskoveya,350,2019
-0.0029808109874551268,praskoveya,351,2019
-0.0010858920225384355,praskoveya,352,2019
0.07910650132749425,praskoveya,353,2019
0.08888362175444159,praskoveya,354,2019
0.022910161092321368,praskoveya,355,2019
0.016095430407246637,praskoveya,356,2019
0.02565049940733009,praskoveya,357,2019
-0.006854186459979629,praskoveya,358,2019
-0.005370906713888264,praskoveya,359,2019
-0.0015463376735147842,praskoveya,360,2019
0.016105331665198938,praskoveya,361,2019
0.01664637545454567,praskoveya,362,2019
0.02783622181032929,praskoveya,363,2019
-0.01068567215888205,praskoveya,364,2019
-0.004909829915128589,praskoveya,365,2019
0.02196780483591426,praskoveya,366,2019
0.025866687458484482,praskoveya,367,2019
0.012684425540776784,praskoveya,368,2019
-0.008305984255945125,praskoveya,369,2019
-0.0063540853356378645,praskoveya,370,2019
0.024900408398093724,praskoveya,371,2019
0.01850759930384394,praskoveya,372,2019
0.02243804022775352,praskoveya,373,2019
0.01901562365231784,praskoveya,374,2019
-0.005356404689529983,praskoveya,375,2019
-0.006874140371121234,praskoveya,376,2019
-0.004451627199398965,praskoveya,377,2019
-0.005382101553686999,praskoveya,378,2019
0.02291019968487227,praskoveya,379,2019
-0.006356392623129698,praskoveya,380,2019
0.010258746846923844,praskoveya,381,2019
0.008758306018927943,praskoveya,382,2019
-0.005373198456217287,praskoveya,383,2019
-0.006330360123077927,praskoveya,384,2019
-0.004983625982189413,praskoveya,385,2019
-0.010008510561169113,praskoveya,266,2020
-0.01099792547641343,praskoveya,267,2020
0.04514748313490129,praskoveya,268,2020
-0.0071034817637222435,praskoveya,269,2020
0.04541178203885431,praskoveya,270,2020
0.04022870403028788,praskoveya,271,2020
-0.007574030575880463,praskoveya,272,2020
-0.0041551813888405145,praskoveya,273,2020
-0.006107055251300411,praskoveya,274,2020
-0.004656079117081786,praskoveya,275,2020
-0.0014501670519790168,praskoveya,276,2020
-0.0021874277990202285,praskoveya,277,2020
-0.0041451632290576265,praskoveya,278,2020
-0.003701180641474736,praskoveya,279,2020
-0.0012124948348018554,praskoveya,280,2020
0.09910636038533532,praskoveya,281,2020
-0.00365870404565707,praskoveya,282,2020
-0.0034169042364310424,praskoveya,283,2020
0.0047999846318877324,praskoveya,284,2020
0.003407615501328713,praskoveya,285,2020
0.11625688796509205,praskoveya,286,2020
0.010669462299246129,praskoveya,287,2020
-0.004648590381465589,praskoveya,288,2020
-0.003174711976659273,praskoveya,289,2020
-0.0005180397457934193,praskoveya,290,2020
-0.0053820536752287535,praskoveya,291,2020
-0.003412988607331969,praskoveya,292,2020
-0.003417259318763355,praskoveya,293,2020
-0.006101332845183101,praskoveya,294,2020
-0.0014737558895254734,praskoveya,295,2020
0.032459935711684734,praskoveya,296,2020
0.03855972594543841,praskoveya,297,2020
0.09936660131379664,praskoveya,298,2020
0.03392680371430611,praskoveya,299,2020
0.025866375568235626,praskoveya,300,2020
-0.0022108487285455057,praskoveya,301,2020
0.038822642798789365,praskoveya,302,2020
0.028806052112106205,praskoveya,303,2020
0.10519446127945872,praskoveya,304,2020
0.1018106917328332,praskoveya,305,2020
-0.006109177334075785,praskoveya,306,2020
0.03148371546438793,praskoveya,307,2020
-0.0063619617994057,praskoveya,308,2020
-0.005379165285184422,praskoveya,309,2020
0.043175230345644015,praskoveya,310,2020
0.04370114207730172,praskoveya,311,2020
0.02464759259029504,praskoveya,312,2020
0.02488132589042812,praskoveya,313,2020
-0.0026896687809276226,praskoveya,314,2020
0.012945595756181405,praskoveya,315,2020
0.04590666806569548,praskoveya,316,2020
0.03078457397875864,praskoveya,317,2020
0.08960545974148516,praskoveya,318,2020
0.05005968021968277,praskoveya,319,2020
0.06809568792719466,praskoveya,320,2020
0.010485782403054734,praskoveya,321,2020
0.06372736157878997,praskoveya,322,2020
0.07726998084196755,praskoveya,323,2020
0.003408182874877257,praskoveya,324,2020
0.04761695561314908,praskoveya,325,2020
0.11207282115363652,praskoveya,326,2020
0.1205520408059841,praskoveya,327,2020
-0.00029117071842331936,praskoveya,328,2020
0.027094454792880668,praskoveya,329,2020
0.0415053173777235,praskoveya,330,2020
-0.0022015466051932197,praskoveya,331,2020
-0.0005651239468822744,praskoveya,332,2020
-0.0018348777128393608,praskoveya,333,2020
0.12326719659102088,praskoveya,334,2020
-0.0025720071180708485,praskoveya,335,2020
-0.0017234504108359404,praskoveya,336,2020
-0.0007471915778680259,praskoveya,337,2020
0.0021929903259422607,praskoveya,338,2020
-0.0012263527732429066,praskoveya,339,2020
-0.0014676170680100506,praskoveya,340,2020
-0.002797065193811758,praskoveya,341,2020
-0.003676508512758647,praskoveya,342,2020
0.047145066426721616,praskoveya,343,2020
0.03881183444777793,praskoveya,344,2020
0.04370258605874737,praskoveya,345,2020
0.04323387321803178,praskoveya,346,2020
0.017475747541084705,praskoveya,347,2020
-0.0006248525763546713,praskoveya,348,2020
0.01437558849227596,praskoveya,349,2020
0.0197631213082246,praskoveya,350,2020
0.09912404815355937,praskoveya,351,2020
0.08167036079114649,praskoveya,352,2020
0.0016901220987100296,praskoveya,353,2020
0.0021931095239495113,praskoveya,354,2020
0.06322167947327463,praskoveya,355,2020
0.05981676647315853,praskoveya,356,2020
0.006938373646991796,praskoveya,357,2020
0.12060822799546682,praskoveya,358,2020
0.12646326740226396,praskoveya,359,2020
0.12768795857062706,praskoveya,360,2020
0.061895824873677924,praskoveya,361,2020
0.07107266860388119,praskoveya,362,2020
0.04560869918546702,praskoveya,363,2020
-0.007312298202147432,praskoveya,364,2020
-0.0021783241919866234,praskoveya,365,2020
0.02417581545569587,praskoveya,366,2020
0.04724287946443894,praskoveya,367,2020
0.039527744832679616,praskoveya,368,2020
-0.0056103670324165215,praskoveya,369,2020
-0.0056262559310840685,praskoveya,370,2020
0.03149450556495012,praskoveya,371,2020
0.047336762628378486,praskoveya,372,2020
0.05394111915457645,praskoveya,373,2020
0.03635801681274147,praskoveya,374,2020
-0.0070940252280675044,praskoveya,375,2020
-0.007585060448039568,praskoveya,376,2020
-0.00903409174151494,praskoveya,377,2020
-0.009496887535627548,praskoveya,378,2020
0.026974923731334786,praskoveya,379,2020
-0.009527801590667791,praskoveya,380,2020
0.0534456025140822,praskoveya,381,2020
0.04957614140180593,praskoveya,382,2020
-0.002673599523927173,praskoveya,383,2020
-0.005138135389581825,praskoveya,384,2020
-0.003174187890729361,praskoveya,385,2020
0.10794932944047934,praskoveya,266,2021
0.100335928571625,praskoveya,267,2021
-0.004402273740493399,praskoveya,268,2021
0.09423060238227814,praskoveya,269,2021
-0.003399824556214455,praskoveya,270,2021
-0.003486265026155941,praskoveya,271,2021
0.09666026925961166,praskoveya,272,2021
0.007279055454228371,praskoveya,273,2021
0.005904420778626061,praskoveya,274,2021
0.017528989160981882,praskoveya,275,2021
0.006812940716794235,praskoveya,276,2021
0.010996200134767523,praskoveya,277,2021
0.00538056873003075,praskoveya,278,2021
0.003418891779758557,praskoveya,279,2021
0.12012970261243358,praskoveya,280,2021
-0.003425011975337504,praskoveya,281,2021
0.11865344701982775,praskoveya,282,2021
0.11816174106409663,praskoveya,283,2021
0.16354247426208482,praskoveya,284,2021
0.15717803488053264,praskoveya,285,2021
0.0014478802231437055,praskoveya,286,2021
0.16898229173308918,praskoveya,287,2021
0.13320804869350109,praskoveya,288,2021
0.0336853107044131,praskoveya,289,2021
0.13937089474050346,praskoveya,290,2021
0.12396619539463452,praskoveya,291,2021
0.10645918793458266,praskoveya,292,2021
0.10694282278078802,praskoveya,293,2021
0.09329934153263547,praskoveya,294,2021
0.02394464302570495,praskoveya,295,2021
-0.00880770940476885,praskoveya,296,2021
-0.004906875243474074,praskoveya,297,2021
-0.002682835667880569,praskoveya,298,2021
-0.008312855168906634,praskoveya,299,2021
-0.0073230457106367094,praskoveya,300,2021
0.08444589230185963,praskoveya,301,2021
-0.008807283455915749,praskoveya,302,2021
-0.008781116735522341,praskoveya,303,2021
0.01734782268718455,praskoveya,304,2021
0.017073233839579913,praskoveya,305,2021
0.07835018128857789,praskoveya,306,2021
-0.005654085091394562,praskoveya,307,2021
0.014566189903960875,praskoveya,308,2021
0.026370594568827708,praskoveya,309,2021
-0.008303039886799278,praskoveya,310,2021
-0.007557020094441763,praskoveya,311,2021
-0.0004949294998411305,praskoveya,312,2021
-0.0010246072143714287,praskoveya,313,2021
0.0224711378261218,praskoveya,314,2021
0.00017272551799473295,praskoveya,315,2021
-0.005362037960264914,praskoveya,316,2021
-0.0043862939236773224,praskoveya,317,2021
-0.002904503151066786,praskoveya,318,2021
-0.008290355259064524,praskoveya,319,2021
0.003629907198627181,praskoveya,320,2021
0.03056901175370972,praskoveya,321,2021
-0.004403158972055953,praskoveya,322,2021
-0.001702454480486835,praskoveya,323,2021
0.1357254037347596,praskoveya,324,2021
-0.0029379568386770725,praskoveya,325,2021
-0.001241783112380223,praskoveya,326,2021
0.004859239024722073,praskoveya,327,2021
0.14360272278265504,praskoveya,328,2021
-0.006832958839497486,praskoveya,329,2021
-0.0034223919237085947,praskoveya,330,2021
0.1728123657848295,praskoveya,331,2021
0.034660166135486635,praskoveya,332,2021
0.02295398331596933,praskoveya,333,2021
-0.00317945704649627,praskoveya,334,2021
0.029765321601964462,praskoveya,335,2021
0.12992061098440702,praskoveya,336,2021
0.027832281184353803,praskoveya,337,2021
0.03759664211144899,praskoveya,338,2021
0.1651039127487711,praskoveya,339,2021
0.14748456946130872,praskoveya,340,2021
0.17434101216393105,praskoveya,341,2021
0.13761843660047496,praskoveya,342,2021
-0.0056263167491453,praskoveya,343,2021
-0.00538189556240815,praskoveya,344,2021
-0.008823467253111056,praskoveya,345,2021
-0.003429199721467404,praskoveya,346,2021
0.05743641406297684,praskoveya,347,2021
0.16114753033682586,praskoveya,348,2021
-0.003425275756829275,praskoveya,349,2021
-0.0014398349190515105,praskoveya,350,2021
-0.004848016718759764,praskoveya,351,2021
-0.0029730246833644053,praskoveya,352,2021
0.13817751455792915,praskoveya,353,2021
0.15728220648228253,praskoveya,354,2021
-0.004885613837250673,praskoveya,355,2021
-0.005367347850684697,praskoveya,356,2021
0.02882927473741805,praskoveya,357,2021
0.0008908672050912883,praskoveya,358,2021
-0.004412861775243936,praskoveya,359,2021
-0.002455053574589357,praskoveya,360,2021
0.0002445399402320881,praskoveya,361,2021
-0.005408239299013471,praskoveya,362,2021
-0.002190080430120265,praskoveya,363,2021
0.09300816849664192,praskoveya,364,2021
0.10408439337270063,praskoveya,365,2021
-0.005630455113188172,praskoveya,366,2021
-0.0069626178500657564,praskoveya,367,2021
-0.006348380300291787,praskoveya,368,2021
0.08814893541655593,praskoveya,369,2021
0.12446585278879008,praskoveya,370,2021
-0.006806870940817322,praskoveya,371,2021
-0.0049671108671983395,praskoveya,372,2021
-0.005393072377294249,praskoveya,373,2021
-0.005140974928608885,praskoveya,374,2021
0.09664886066292253,praskoveya,375,2021
0.0903401157568096,praskoveya,376,2021
0.1042979395253495,praskoveya,377,2021
0.10494956106886767,praskoveya,378,2021
-0.005138874152585928,praskoveya,379,2021
0.09421165638929382,praskoveya,380,2021
-0.004936102812960563,praskoveya,381,2021
-0.004915519283808128,praskoveya,382,2021
0.10621473612916596,praskoveya,383,2021
0.09498593344371917,praskoveya,384,2021
0.09936211589893293,praskoveya,385,2021
