Год	GPS №	Тип обработки	Глубина	повторность	рН солевой вытяжки, ед. рН	рН водной вытяжки, ед. рН	Фосфор (подвижная форма), мг/кг	Калий (подвижная форма), млн-1	Общий азот, %	Общий углерод, %	М.д. содержания  гипса (по Хитрову), %	Массовая доля иона хлорида, ммоль/100 г	Массовая доля иона сульфата, ммоль/100 г	Массовая доля магния (водорастворимая форма), ммоль/100 г почвы	Массовая доля кальция (водорастворимая форма), ммоль/100 г почвы	Массовая доля натрия (водорастворимая форма), мг•экв на 100 г почвы	Массовая доля калия (водорастворимая форма), мг•экв на 100 г почвы	Сумма поглощенных оснований по Каппену, ммоль/100 г	Массовая доля плотного остатка водной вытяжки, %	Карбонат и бикарбонат-ионы, ммоль/100 г	Массовая доля общего содержания карбонатов (по Козловскому), % (CO2)	Массовая доля общего содержания карбонатов (по Козловскому), %(CaCO3)	Органический углерод, %
2021	584	ТТ	0-10	[0]	6.69	8.73	23.4	366.273656	0.13	1.6971	0.657333333	0.173410405	0.194444444	0.093070833	0.3689475	3.11E-05	0.000551811	24.7	0.09	0.03355	1.309	2.976666	1.3401
2021	584	ТТ	окт.20	[0]	6.73	8.71	21	332.802456	0.13	1.6696	1.193333333	0.216763006	0.138888889	0.092504167	0.3339975	2.92E-05	0.00051909	24.55	0.068	0.0305	1.54	3.50196	1.2496
2021	584	ТТ	20-30	[0]	6.81	8.91	12.6	283.751496	0.1	1.518	1.195733333	0.173410405	0.088888889	0.098583333	0.3924225	3.66E-05	0.000302425	24.6	0.114	0.02745	1.804	4.102296	1.026
2021	584	ТТ	30-40	[0]	6.87	8.66	8.4	214.485376	0.09	1.4815	1.058666667	0.303468208	0.166666667	0.116458333	0.3415975	0.000109009	0.000191978	24.55	0.058	0.03355	2.992	6.803808	0.6655
2021	584	ТТ	40-50	[0]	6.87	8.77	7.4	200.282992	0.08	1.4257	1.061333333	0.173410405	0.111111111	0.104295833	0.3160725	9.55E-05	0.000149877	24.65	0.07	0.02745	2.398	5.453052	0.7717
2021	584	ТТ	50-70	[0]	7.15	8.79	8.4	198.652776	0.06	1.3916	0.926666667	0.216763006	0.138888889	0.141804167	0.5612975	0.000144808	0.000164054	24.7	0.076	0.0305	2.398	5.453052	0.7376
2021	584	ТТ	70-90	[0]	7.2	8.74	8.2	194.930008	0.06	1.0273	1.061333333	0.216763006	0.111111111	0.1343125	0.2621975	0.000164692	0.000196287	24.75	0.068166667	0.03355	1.738	3.952212	0.5533
2021	584	ТТ	90-110	[0]	7.09	8.56	13.4	205.936976	0.07	0.7109	1.192	0.173410405	0.166666667	0.163975	0.2815475	0.000187795	0.000246909	24.85	0.05625	0.02745	1.342	3.051708	0.3449
2021	584	ТТ	110-130	[0]	7.1	8.78	14.8	178.309992	0.06	0.3286	1.058666667	0.216763006	0.166666667	0.141983333	0.235645	0.000128294	0.000185933	24.4	0.0606	0.0244	0.726	1.650924	0.1306
2021	584	ТТ	130-150	[0]	7.16	8.75	19	165.258632	0.07	0.1966	0.927333333	0.238439306	0.125	0.144110417	0.2190075	0.000107979	0.000170859	24.71	0.070333333	0.0244	0.671	1.525854	0.0136
2021	584	ТТ	150-170	[0]	7.23	8.97	16.4	164.931144	0.06	0.3039	0.66	0.303468208	0.138888889	0.123304167	0.21422	0.000100832	0.000263055	23.95	0.0555	0.0244	0.704	1.600896	0.1119
2021	584	ТТ	170-190	[0]	7.25	8.89	22.2	164.548272	0.06	0.2413	0.925333333	0.216763006	0.166666667	0.139741667	0.217335	0.000151674	0.000218673	22.75	0.090333333	0.0244	0.594	1.350756	0.0793
2021	584	ТТ	0-10	[1]	7.18	8.55	23.6	339.881976	0.13	1.3921	0.528	0.260115607	0.111111111	0.098416667	0.3844725	8.16E-05	0.000517823	24.7	0.068166667	0.03355	1.188	2.701512	1.0681
2021	584	ТТ	окт.20	[1]	7.2	8.58	15.4	324.326296	0.13	1.4282	0.926666667	0.173410405	0.138888889	0.0969375	0.3580975	8.94E-05	0.000455032	24.65	0.068166667	0.03355	1.144	2.601456	1.1162
2021	584	ТТ	20-30	[1]	7.24	8.63	11.8	267.112216	0.12	1.38	0.528	0.173410405	0.111111111	0.0890875	0.2794225	0.000104409	0.000308939	24.7	0.05625	0.0305	1.364	3.101736	1.008
2021	584	ТТ	0-10	[2]	7.32	8.68	13	242.478376	0.11	1.5871	0.261333333	0.130057803	0.111111111	0.114020833	0.3936725	0.00010764	0.000280683	24.55	0.0606	0.03355	2.31	5.25294	0.9571
2021	584	ТТ	окт.20	[2]	7.34	8.79	8.6	167.567904	0.07	1.7053	1.188	0.260115607	0.25	0.126766667	0.3395225	0.000123016	0.000162337	24.6	0.140666667	0.0305	2.794	6.353556	0.9433
2021	584	ТТ	20-30	[2]	7.5	8.73	8	156.910096	0.07	1.7359	0.926666667	0.216763006	0.138888889	0.131583333	0.3387975	0.000132975	0.000224465	24.3	0.0555	0.03965	2.64	6.00336	1.0159
2021	584	ТТ	0-10	[3]	7.43	8.36	19.2	290.277176	0.1	1.5447	0.926666667	0.260115607	0.138888889	0.111158333	0.4267725	0.000114057	0.000464042	24.55	0.180666667	0.04575	2.244	5.102856	0.9327
2021	584	ТТ	окт.20	[3]	7.36	8.9	8.4	195.731872	0.09	1.696	1.792666667	0.325144509	0.152777778	0.126097917	0.341935	0.000148396	0.000213086	24.55	0.136333333	0.0327875	2.255	5.12787	1.081
2021	584	ТТ	20-30	[3]	7.45	8.35	10.2	193.829552	0.09	1.658	0.898969697	0.097543353	0.715909091	0.144508333	0.463625	0.000202757	0.000238358	24.5	0.272666667	0.028975	2.42	5.50308	0.998
2021	584	ТТ	0-10	[4]	7.38	8.2	25.6	421.248296	0.15	1.5607	0.903878788	0.151734104	0.613636364	0.100066667	0.5916875	0.000154376	0.000828477	24.75	0.225	0.0305	1.21	2.75154	1.2307
2021	584	ТТ	окт.20	[4]	7.36	8.39	16.8	317.511656	0.12	1.2664	1.037212121	0.130057803	0.613636364	0.088025	0.4201375	0.00012964	0.000393725	24.5	0.1818	0.02745	1.276	2.901624	0.9184
2021	584	ТТ	20-30	[4]	7.24	8.58	9.2	233.978136	0.09	1.1295	1.170545455	0.086705202	0.613636364	0.086495833	0.3869125	0.000147005	0.000229769	24.1	0.211	0.0305	1.98	4.50252	0.5895
2021	585	ТТ	0-10	[0]	7.24		24.8	387.921576	0.15	1.4779	1.837212121	0.130057803	0.613636364	0.095133333	0.4686625	0.000220858	0.000811044	24.9	0.1665	0.0305	0.99	2.25126	1.2079
2021	585	ТТ	окт.20	[0]	7.23	8.26	17.4	355.052376	0.16	1.4757	0.770545455	0.086705202	0.613636364	0.097608333	0.4457375	0.000229379	0.000616941	24.8	0.271	0.0305	0.77	1.75098	1.2657
2021	585	ТТ	20-30	[0]	7.28	8.01	20.8	330.707496	0.17	1.5485	0.503878788	0.108381503	0.613636364	0.0995375	0.4949625	0.000538292	0.000759291	24.8	0.2045	0.0305	0.924	2.101176	1.2965
2021	585	ТТ	30-40	[0]	7.33	8.24	9.6	196.507248	0.14	1.6446	0.770545455	0.086705202	0.613636364	0.092045833	0.5411125	0.000211243	0.000220564	24.55	0.2045	0.0305	1.892	4.302408	1.1286
2021	585	ТТ	40-50	[0]	7.41	8.25	9.4	158.973752	0.12	1.7463	0.903878788	0.119219653	0.613636364	0.1130625	0.5810125	0.000239993	0.000275828	24.45	0.16875	0.022875	1.98	4.50252	1.2063
2021	585	ТТ	50-70	[0]	7.47	8.41	8.8	143.694992	0.13	1.5966	0.766181818	0.249277457	0.704545455	0.129316667	0.4465125	0.00025373	0.000152207	24.45	0.2424	0.02745	2.244	5.102856	0.9846
2021	585	ТТ	70-90	[0]	7.5	7.69	9	152.19764	0.12	1.632	1.303878788	0.065028902	0.613636364	0.1637875	0.4317875	0.000302956	0.00018137	24.65	0.211	0.02745	2.244	5.102856	1.02
2021	585	ТТ	90-110	[0]	7.45	8.03	6.2	133.769216	0.11	1.6653	1.170545455	0.130057803	0.613636364	0.2014875	0.3628625	0.000447431	0.000219726	24.45	0.1665	0.02745	2.816	6.403584	0.8973
2021	585	ТТ	110-130	[0]	7.68	8.29	6.8	124.137216	0.06	1.5149	1.570545455	0.086705202	0.613636364	0.246808333	0.3159875	0.000490728	0.000212726	24.65	0.180666667	0.0305	2.684	6.103416	0.7829
2021	585	ТТ	130-150	[0]	7.97	8.6	6.8	115.959648	0.04	1.2139	2.103878788	0.065028902	0.613636364	0.243983333	0.2267375	0.000418255	0.000178289	24.3	0.136333333	0.0274	2.618	5.953332	0.4999
2021	585	ТТ	150-170	[0]	8.01	8.75	8	112.819616	0.04	1.1534	1.570545455	0.043352601	0.613636364	0.2574125	0.19764	0.000643874	0.000210776	24.6	0.136333333	0.0274	2.442	5.553108	0.4874
2021	585	ТТ	170-190	[0]	7.95	8.73	9	107.762816	0.05	1.0799	1.303878788	0.086705202	0.613636364	0.233108333	0.2123975	0.000705134	0.000258941	24.7	0.1125	0.03045	3.916	8.904984	0.0119
2021	585	ТТ	0-10	[1]	6.87	8.03	16	319.582536	0.14	1.3374	1.570545455	0.238439306	0.613636364	0.104395833	0.5815375	0.000302933	0.000757614	24.95	0.2424	0.02745	1.32	3.00168	0.9774
2021	585	ТТ	окт.20	[1]	6.96	8.16	12.2	231.218568	0.14	1.4004	1.437212121	0.173410405	0.613636364	0.090220833	0.4502375	0.000191349	0.000305507	24.95	0.211	0.02745	1.386	3.151764	1.0224
2021	585	ТТ	20-30	[1]	7.07	7.95	11.4	177.594816	0.13	1.571	1.303878788	0.130057803	0.613636364	0.091095833	0.4499125	0.000141186	0.000178562	24.95	0.1665	0.0305	2.772	6.303528	0.815
2021	585	ТТ	0-10	[2]			27.4	409.400936	0.16	1.4592	1.678787879	0.119219653	1.136363636	0.102089583	0.5099375	0.000181326	0.00082837		0.542	0.028975	1.397	3.176778	1.0782
2021	585	ТТ	окт.20	[2]	7.12	7.96	7.8	267.064056	0.14	1.5442	1.318	0.108381503	0.319444444	0.09294375	0.4615625	0.000140013	0.000350366	24.95	0.136333333	0.025925	1.782	4.052268	1.0582
2021	585	ТТ	20-30	[2]	7.14	8	9.6	244.452936	0.15	1.5223	1.453333333	0.065028902	0.277777778	0.101466667	0.4818625	0.000162104	0.000323525	24.9	0.136333333	0.02745	2.288	5.202912	0.8983
2021	585	ТТ	0-10	[3]	7.2	7.94	21.2	402.634456	0.15	1.5589	1.324	0.065028902	0.194444444	0.090520833	0.4203625	0.000137851	0.000672692	24.95	0.05625	0.02745	1.32	3.00168	1.1989
2021	585	ТТ	окт.20	[3]	7.16	7.92	17.4	376.892936	0.16	1.5628	1.454666667	0.086705202	0.25	0.082704167	0.3380625	0.000116277	0.000571662	24.95	0.0606	0.0244	1.408	3.201792	1.1788
2021	585	ТТ	20-30	[3]	7.11	7.97	11.8	340.098696	0.15	1.5046	1.718666667	0.108381503	0.305555556	0.092025	0.3489625	0.000150351	0.000556706	24.85	0.140666667	0.0244	1.386	3.151764	1.1266
2021	585	ТТ	0-10	[4]	7.24		19.6	383.635336	0.16	1.5519	1.585333333	0.130057803	0.305555556	0.104766667	0.4932375	0.000276656	0.000727389	24.95	0.111	0.03355	1.298	2.951652	1.1979
2021	585	ТТ	окт.20	[4]	7.17	8.02	12.2	328.203176	0.15	1.561	1.721333333	0.303468208	0.25	0.08325	0.3945125	0.000129502	0.000398444	24.85	0.180666667	0.02745	1.474	3.351876	1.159
2021	585	ТТ	20-30	[4]	7.3	7.97	9.4	223.238456	0.15	1.6093	1.586666667	0.130057803	0.277777778	0.107025	0.5308875	0.000190429	0.000244199	24.9	0.136333333	0.0305	1.914	4.352436	1.0873
2021	586	ПП	0-10	[0]	7.18	7.83	28.2	688.801176	0.2	1.9424	1.050666667	0.216763006	0.333333333	0.100708333	0.4110125	0.0002047	0.001694453	24.95	0.136333333	0.0305	1.804	4.102296	1.4504
2021	586	ПП	окт.20	[0]	7.16	8.34	14.6	598.958696	0.13	1.3536	1.554666667	0.4095	0.944444444	0.101783333	0.23137	0.000190187	0.001050017	24.87	0.3375	0.0122	1.518	3.451932	0.9396
2021	586	ПП	20-30	[0]	7.2	8.19	19.8	600.909176	0.14	1.4224	1.573333333	0.182	0.555555556	0.106379167	0.2496325	0.000131215	0.000883643	24.9	0.1818	0.01525	1.54	3.50196	1.0024
2021	586	ПП	30-40	[0]	7.28	8.29	13.6	451.540936	0.13	1.2882	1.686666667	0.1365	0.972222222	0.100241667	0.221295	0.000108859	0.000664716	24.9	0.351666667	0.01525	1.43	3.25182	0.8982
2021	586	ПП	40-50	[0]		8.05	13.2	388.379096	0.13	1.1902	1.488	0.364	2.333333333	0.1169625	0.266195	0.000132388	0.000639873	24.9	0.666	0.0122	1.254	2.851596	0.8482
2021	586	ПП	50-70	[0]	7.19	8.17	14.4	323.892856	0.15	1.4522	1.541333333	0.2275	1.222222222	0.132091667	0.2598075	0.000122199	0.000260237	24.9	0.542	0.0122	1.254	2.851596	1.1102
2021	586	ПП	70-90	[0]	7.08	8.43	12.6	357.412216	0.16	1.4825	1.546666667	0.4095	1.111111111	0.14495625	0.286095	0.000155802	0.000239021	24.95	0.409	0.00915	0.968	2.201232	1.2185
2021	586	ПП	90-110	[0]	7.22	7.99	10.6	334.006456	0.16	1.7029	1.713333333	0.1365	0.416666667	0.1423375	0.2997575	0.00016683	0.000341816	24.9	0.136333333	0.00915	1.914	4.352436	1.1809
2021	586	ПП	110-130	[0]	7.32	8.37	9.8	288.302616	0.13	1.5112	1.581333333	0.182	0.388888889	0.131575	0.303595	0.000141726	0.000230968	24.85	0.1125	0.0122	2.662	6.053388	0.7852
2021	586	ПП	130-150	[0]	7.32	8.43	8.2	214.930856	0.1	1.5331	1.908	0.182	1.916666667	0.1383125	0.2661825	0.00021635	0.000170489	24.9	0.606	0.01525	3.41	7.75434	0.6031
2021	586	ПП	150-170	[0]	7.36	8.34	7.6	227.348912	0.07	1.6106	1.964	0.182	0.75	0.136770833	0.2797075	0.000175053	0.000175861	24.85	0.281333333	0.01525	3.498	7.954452	0.6566
2021	586	ПП	170-190	[0]	7.34	7.9	7.4	203.651784	0.07	1.5715	1.973333333	0.273	0.555555556	0.146060417	0.251345	0.000214544	0.00016772	24.95	0.1665	0.0122	4.576	10.405824	0.3235
2021	586	ПП	0-10	[1]	7.25	7.99	19.2	560.960456	0.15	1.465	2.632	0.364	0.722222222	0.0947125	0.2263075	0.000184655	0.000980743	24.9	0.361333333	0.01525	1.298	2.951652	1.111
2021	586	ПП	окт.20	[1]	7.12	7.91	16.4	573.554296	0.15	1.4825	1.041333333	0.2275	0.527777778	0.132029167	0.23157	0.00015548	0.001041451	24.87	0.1818	0.0122	1.54	3.50196	0.9441
2021	586	ПП	20-30	[1]	7.26	8.21	16.4	512.776376	0.13	1.3316	1.172	0.273	0.583333333	0.094754167	0.2251575	8.16E-05	0.000815363	24.9	0.2045	0.0122	1.342	3.051708	0.9656
2021	586	ПП	0-10	[2]	7.09	8.02	24.6	762.413736	0.19	1.9102	0.981333333	0.091	1.777777778	0.107620833	0.2474075	0.000156113	0.001517773	 	0.45	0.01525	1.496	3.401904	1.5022
2021	586	ПП	окт.20	[2]	7.2	8.28	16.2	549.642856	0.14	1.3641	1.309333333	0.4095	0.5	0.132029167	0.23157	0.00015548	0.001041451	24.87	0.1818	0.0122	1.54	3.50196	0.9441
2021	586	ПП	20-30	[2]	7.22	8	14	456.019816	0.13	1.2467	1.048	0.2275	0.388888889	0.134075	0.2844575	4.60E-05	0.000763191		0.140666667	0.01525	1.43	3.25182	0.8567
2021	586	ПП	0-10	[3]	7.2	8.02	35.2	780.738616	0.2	2.0082	1.582666667	0.3185	0.361111111	0.094858333	0.2113325	0.000123119	0.001442405	24.985	0.111	0.01525	1.386	3.151764	1.6302
2021	586	ПП	окт.20	[3]	7.19	8.31	17.4	568.015896	0.15	1.3836	1.304	0.2275	0.611111111	0.134970833	0.2156575	5.03E-05	0.001021595	24.9	0.271	0.01525	1.474	3.351876	0.9816
2021	586	ПП	20-30	[3]	7.19	8.17	17.4	517.086696	0.14	1.4229	1.048	0.2275	0.388888889	0.090329167	0.211745	0.000114114	0.000874897	24.85	0.136333333	0.0122	1.518	3.451932	1.0089
2021	586	ПП	0-10	[4]	7.04	7.78	23	761.402376	0.23	2.1606	1.296666667	0.25025	0.763888889	0.116352083	0.23001375	0.000140536	0.001329257	24.9	0.272666667	0.0183	1.485	3.37689	1.7556
2021	586	ПП	окт.20	[4]	7.25	8.24	12.2	543.767336	0.15	1.499	1.013333333	0.364	1.111111111	0.102716667	0.2335575	9.77E-05	0.000961535	24.85	0.3375	0.01525	1.584	3.602016	1.067
2021	586	ПП	20-30	[4]	7.2	8.31	16	577.744216	0.22	2.099	1.046666667	0.182	0.416666667	0.103358333	0.25327	4.43E-05	0.0010253		0.1212	0.01525	1.364	3.101736	1.727
2020	525	ПП	0-10	[0]	7.33	8.45	7.482159394	459.78352	0.34	1.4947	1.66498	0	0.333333333	0.2	0.8	0.037143478	0.07895	22.7	0.5671	0.65	1.1		1.1947
2020	525	ПП	окт.20	[0]	7.3	8.43	6.32183908	375.72024	0.26	1.3616	2.72192	0	0.833333333	0	0.8	0.03358913	0.048251282	24.2	0.108	0.7	1.584		0.9296
2020	525	ПП	20-30	[0]	7.31	8.45	4.351395731	371.96376	0.23	1.3721	4.22185	0	0.666666667	1.35	0.7	0.032447826	0.039702564	24.4	0.109	0.65	1.276		1.0241
2020	525	ПП	30-40	[0]	7.32	8.46	4.351395731	257.63192	0.17	1.7961	1.914476667	0	0.444444444	0.4	0.55	0.03705	0.021069231	24.7	0.088	0.6	1.804		1.3041
2020	525	ПП	40-50	[0]	7.33	8.5	6.32183908	225.728328	0.11	1.8826	7.081516667	0	1.027777778	0.2	0.65	0.045219565	0.015241026	24.71698113	0.1221	0.75	2.376		1.2346
2020	525	ПП	50-60	[0]	7.33	8.54	5.829228243	198.741872	0.11	1.8085	8.93763	0	5	0.85	0.75	0.045847826	0.016842308	24.52830189	0.352	0.8	2.6664		1.0813
2020	525	ПП	60-70	[0]	7.42	8.56	7.307060755	194.21724	0.09	1.7636	4.414993333	0	2.722222222	0.5	0.5	0.046778261	0.011626923	23.9	0.2109	0.65	2.684		1.0316
2020	525	ПП	70-80	[0]	7.41	8.58	7.799671593	198.253048	0.09	1.7728	6.153963333	0	3.055555556	0.5	0.475	0.057543478	0.019461538	23.9	0.2268	0.8	2.156		1.1848
2020	525	ПП	80-90	[0]	7.41	8.64	7.799671593	192.139136	0.05	1.8116	2.058463333	0	1.897222222	0.95	0.4	0.071526087	0.013598718	22.16981132	0.1712	0.7	3.432		0.8756
2020	525	ПП	90-100	[0]	7.57	8.87	9.277504105	190.800288	0.04	1.8834	5.61114	0	0.75	0.55	0.4	0.093819565	0.01634359	24.62264151	0.108	0.75	5.456		0.3954
2020	525	ПП	100-110	[0]	7.5	8.85	9.770114943	189.596288	0.05	1.7252	2.66346	0.049	3.25	0.5	0.45	0.189228261	0.024701282	24.33962264	0.2461	0.85	3.102		0.8792
2020	525	ПП	110-120	[0]	7.85	8.94	10.75533662	187.002872	0.04	1.6552	4.333233333	0.147	3.055555556	0.6	0.4	0.178671739	0.09619359	24.52830189	0.2507	0.9	2.706		0.9172
2020	525	ПП	120-130	[0]	7.77	8.87	12.23316913	198.669632	0.04	1.549	3.56344	0.049	3.166666667	0.45	0.45	0.16106087	0.017075641	24.43396226	0.2461	0.95	2.596		0.841
2020	525	ПП	130-140	[0]	7.71	8.95	13.71100164	184.026584	0.03	1.3929	2.801646667	0.098	3.111111111	0.7	0.4	0.125173913	0.030964103	24.43396226	0.2354	0.75	3.058		0.5589
2020	525	ПП	140-150	[0]	7.82	8.93	16.66666667	203.581952	0.03	1.3506	3.745613333	0.049	3.138888889	1.15	0.4	0.166786957	0.017364103	24.52830189	0.2576	0.835	2.31		0.7206
2020	525	ПП	150-160	[0]	7.89	8.95	15.18883415	175.947744	0.02	1.3192	2.578483333	0.147	3.222222222	0.35	0.5	0.212402174	0.024608974	24.33962264	0.2576	0.855	2.728		0.5752
2020	525	ПП	160-170	[0]	7.96	9.18	4.844006568	123.453344	0.03	1.4051	3.203686667	0.049	8.777777778	0.7	0.45	0.268086957	0.014198718	24.4	0.55	0.86	2.376		0.7571
2020	525	ПП	170-180	[0]	7.91	8.98	5.336617406	109.81684	0.02	1.3615	5.295083333	0.098	3.138888889	0.6	0.5	0.42473913	0.029216667	24.71698113	0.264	0.9	2.31		0.7315
2020	525	ПП	180-190	[0]	7.84	9.22	4.351395731	103.967808	0.02	1.3379	3.97466	0.098	3.333333333	0.5	0.6	0.654021739	0.028375641	24.62264151	0.2912	0.97	2.42		0.6779
2020	525	ПП	190-200	[0]	7.81	9.15	4.844006568	111.473544	0.02	1.4098	4.41854	0.049	3.333333333	0.25	1.1	1.449934783	0.086316667	24.62264151	0.3597	1.685	2.442		0.7438
2020	525	ПП	0-10	[1]	7.04	8.22	10.75533662	301.45752	0.21	1.4461	4.522293333	0	3.055555556	0.2	0.85	0.339521739	0.05280641	24.81132075	0.2464	0.72	1.822857143		0.948957143
2020	525	ПП	окт.20	[1]	7.36	8.14	7.799671593	263.60376	0.2	1.3342	3.348056667	0	2.944444444	0.15	0.6	0.066306522	0.038648718	24.81132075	0.224	0.71	0.902		1.0882
2020	525	ПП	20-30	[1]	7.29	7.98	7.799671593	256.37976	0.2	1.3362	4.008433333	0	2.972222222	0.55	0.7	0.065595652	0.032791026	24.71698113	0.231	0.77	0.902		1.0902
2020	525	ПП	0-10	[2]	7.25	8.15	10.26272578	398.6444	0.19	1.5608	3.6001	0.049	2.916666667	0.3	0.6	0.059708696	0.081674359	24.81132075	0.2268	0.845	0.88		1.3208
2020	525	ПП	окт.20	[2]	7.3	8.04	6.814449918	283.83096	0.2	1.31	2.362666667	0	2.861111111	0.6	0.6	0.093395652	0.037887179	24.6	0.2268	0.76	1.056		1.022
2020	525	ПП	20-30	[2]	7.23	8.16	8.29228243	252.45472	0.19	1.5261	2.56	0.098	2.916666667	0.4	0.75	0.060869565	0.030179487	24.71698113	0.2442	0.82	1.21		1.1961
2020	525	ПП	0-10	[3]	7.34	8.04	12.72577997	336.01232	0.18	1.3986	3.362666667	0.147	2.861111111	0.3	0.5	0.06673913	0.058151282	24.81132075	0.222	0.725	0.77		1.1886
2020	525	ПП	окт.20	[3]	7.36	8.14	7.307060755	285.56472	0.17	1.3004	3.707487179	0.049	2.888888889	0.15	0.6	0.084154348	0.033574359	24.90566038	0.214	0.7	1.1		1.0004
2020	525	ПП	20-30	[3]	7.3	8.14	9.277504105	272.99496	0.17	1.2437	2.361333333	0.049	2.888888889	0.35	0.5	0.067126087	0.032791026	24.90566038	0.214	0.67	0.924		0.9917
2020	525	ПП	0-10	[4]	7.28	8.22	7.307060755	254.2848	0.17	1.2304	3.062666667	0.098	2.861111111	0.5	0.6	0.066969565	0.030860256	24.90566038	0.2331	0.715	0.902		0.9844
2020	525	ПП	окт.20	[4]	7.36	8.17	8.29228243	240.53512	0.16	1.4815	2.213333333	0.098	1.805555556	0	0.75	0.067306522	0.050202564	24.43396226	0.1712	0.825	0.99		1.2115
2020	525	ПП	20-30	[4]	7.16	8.18	10.26272578	229.764136	0.16	1.5407	2.821333333	0.147	1.638888889	0	0.7	0.050982609	0.032860256	24.62264151	0.1712	0.915	0.33		1.4507
2020	526	ПП	0-10	[0]	7.39	8.44	18.14449918	439.67672	0.18	1.4412	2.505333333	0.147	1.972222222	0.3	0.8	0.078708696	0.144782051	24.10546139	0.1962	0.835	0.77		1.2312
2020	526	ПП	окт.20	[0]	7.33	8.03	13.2183908	350.6048	0.17	1.3804	2.514666667	0.049	1.777777778	0.1	0.6	0.041426087	0.070912821	24.62335217	0.1744	0.88	0.814		1.1584
2020	526	ПП	20-30	[0]	7.32	8.23	10.75533662	285.4684	0.16	1.3295	2.818666667	0.049	1.694444444	0	0.6	0.051628261	0.052379487	24.62335217	0.165	0.9	0.77		1.1195
2020	526	ПП	30-40	[0]	7.41	8.29	6.32183908	221.357808	0.13	1.7412	1.113333333	0.147	1.805555556	0.4	0.65	0.056045652	0.075738462	24.57627119	0.1819	0.97	1.012		1.4652
2020	526	ПП	40-50	[0]	7.32	8.21	5.336617406	177.209536	0.11	1.7896	2.894666667	0.098	2.194444444	0.05	0.65	0.043578261	0.021935897	24.67043315	0.1944	0.965	1.342		1.4236
2020	526	ПП	50-60	[0]	7.5	8.19	10.75533662	157.62768	0.1	1.826	2.624	0.196	1.583333333	2.7	0.75	0.067321739	0.168820513	24.52919021	0.216	0.93	1.958		1.292
2020	526	ПП	60-70	[0]	7.35	8.34	6.32183908	153.180104	0.1	1.8287	2.028	0.147	1.5	0.3	0.7	0.061734783	0.020357692	24.43502825	0.162	0.925	2.09		1.2587
2020	526	ПП	70-80	[0]	7.54	8.44	5.336617406	143.796128	0.08	1.8512	2.517333333	0.196	1.722222222	0.55	0.6	0.07248913	0.046832051	24.29378531	0.1836	0.975	2.53		1.1612
2020	526	ПП	80-90	[0]	7.47	8.51	3.858784893	146.12948	0.06	1.8523	10.02133333	0.147	1.638888889	0.25	0.5	0.077815217	0.023747436	24.34086629	0.168	0.85	2.464		1.1803
2020	526	ПП	90-100	[0]	7.62	8.47	4.351395731	140.10948	0.05	1.8676	2.824	0.098	1.583333333	0.35	0.55	0.087623913	0.025573077	24.38794727	0.1728	0.99	2.596		1.1596
2020	526	ПП	100-110	[0]	7.44	8.4	3.02134647	136.938144	0.03	1.6471	3.143952663	0.147	6	0.4	0.45	0.097684783	0.033460256	24.15254237	0.3888	0.87	2.794		0.8851
2020	526	ПП	110-120	[0]	7.68	8.54	2.873563218	142.568048	0.05	2.0838	2.626666667	0.098	1.527777778	0.25	0.45	0.087293478	0.018738462	24.34086629	0.1665	0.915	2.794		1.3218
2020	526	ПП	120-130	[0]	7.6	8.76	2.873563218	143.285632	0.03	1.73	3.325333333	0.196	1.555555556	0.4	0.45	0.099269565	0.083053846	24.29378531	0.1792	0.925	2.618		1.016
2020	526	ПП	130-140	[0]	7.84	8.79	2.380952381	139.245008	0.03	1.6826	2.813333333	0.196	1.805555556	0.25	0.5	0.101391304	0.168269231	24.19962335	0.1887	0.855	2.992		0.8666
2020	526	ПП	140-150	[0]	7.7	8.73	3.366174056	142.731792	0.03	1.5883	1.350666667	0.245	1.861111111	0.6	0.4	0.111158696	0.172576923	24.19962335	0.1962	0.965	2.662		0.8623
2020	526	ПП	150-160	[0]	7.91	8.79	2.873563218	144.186224	0.04	1.5612	2.622666667	0.147	1.611111111	0.35	0.35	0.124428261	0.024951282	24.34086629	0.1635	0.905	2.332		0.9252
2020	526	ПП	160-170	[0]	8.05	8.76	2.873563218	131.510512	0.03	1.5866	1.024	0.098	1.583333333	0.4	0.4	0.126041304	0.022505128	24.38794727	0.1744	1.005	2.596		0.8786
2020	526	ПП	170-180	[0]	7.87	8.85	4.844006568	135.664312	0.03	1.4615	1.525333333	0.098	1.555555556	0.5	0.5	0.140873913	0.020898718	24.34086629	0.1712	1	2.266		0.8435
2020	526	ПП	180-190	[0]	8.11	8.96	6.32183908	132.42796	0.02	1.4657	1.304615385	0.098	1.666666667	0.5	0.3	0.141795652	0.017234615	24.29378531	0.1728	0.94	2.486		0.7877
2020	526	ПП	190-200	[0]	8	8.73	5.336617406	130.860352	0.02	1.6116	0.647407407	0.147	1.944444444	0.45	0.65	0.170621739	0.034179487	24.34086629	0.2033	1.075	2.728		0.8676
2020	526	ПП	0-10	[1]	7.47	8.92	28.48932677	395.56216	0.05	1.2562	1.412	0.098	1.833333333	0.35	0.6	0.052378261	0.121098718	24.67043315	0.1792	0.815	0.77		1.0462
2020	526	ПП	окт.20	[1]	7.25	8.16	13.71100164	325.53752	0.21	1.9719	0.884	0.147	2.416666667	0.05	0.6	0.05238913	0.090958974	24.71751412	0.214	0.98	0.836		1.7439
2020	526	ПП	20-30	[1]	7.38	8.11	11.24794745	264.88	0.17	1.41	1.14	0.098	1.25	0.55	0.65	0.051008696	0.051611538	24.62335217	0.154	0.85	0.88		1.17
2020	526	ПП	0-10	[2]	7.26	8.15	12.23316913	296.13584	0.15	1.1776	7.142666667	0.196	1.194444444	0.3	0.65	0.049341304	0.053579487	24.67043315	0.1456	0.8	0.836		0.9496
2020	526	ПП	окт.20	[2]	7.46	8.23	10.26272578	248.7464	0.16	1.3029	2.244	0.147	1.166666667	0.3	0.6	0.04608913	0.045962821	24.62335217	0.1391	0.85	1.078		1.0089
2020	526	ПП	20-30	[2]	7.23	8.13	14.20361248	261.31616	0.13	1.1825	1.467134503	0.098	1.111111111	0.45	0.7	0.051645652	0.048357692	24.73309609	0.1443	0.9	1.012		0.9065
2020	526	ПП	0-10	[3]	7.4	8.13	15.68144499	357.39536	0.18	1.8047	1.406286976	0.098	1.055555556	0.45	0.7	0.048171739	0.083829487	24.73309609	0.1417	0.8	0.814		1.5827
2020	526	ПП	окт.20	[3]	7.21	8.15	12.23316913	277.06448	0.18	1.4633	1.927471074	0.049	1.166666667	0.05	0.55	0.050154348	0.050253846	24.64412811	0.1344	0.75	0.946		1.2053
2020	526	ПП	20-30	[3]	7.47	8.07	21.1001642	316.62792	0.17	1.3254	2.749333333	0.049	1.055555556	0.05	0.55	0.053713043	0.059014103	24.73309609	0.1332	0.85	0.792		1.1094
2020	526	ПП	0-10	[4]	7.29	8.13	20.60755337	300.85552	0.15	1.2489	4.410751773	0.098	1.194444444	0	0.65	0.044836957	0.054920513	24.73309609	0.143	0.95	4.928		-0.0951
2020	526	ПП	окт.20	[4]	7.4	8.18	11.24794745	242.58192	0.16	1.3963	1.710622468	0.049	1.194444444	0.25	0.7	0.050582609	0.045942308	24.46619217	0.1526	0.95	4.136		0.2683
2020	526	ПП	20-30	[4]	7.32	8.27	9.277504105	218.215368	0.16	1.265	3.245333333	0	1.138888889	0.25	0.7	0.090302174	0.057932051	24.19928826	0.1417	0.9	1.1		0.965
2020	527	ПП	0-10	[0]	7.4	8.16	17.65188834	444.46864	0.3	3.3795	1.459151515	0.049	1.166666667	0.05	0.65	0.053828261	0.123662821	24.29378531	0.1404	0.8	0.77		3.1695
2020	527	ПП	окт.20	[0]	7.26	8.16	15.68144499	363.70432	0.16	1.3643	1.445333333	0.049	1.138888889	0	0.65	0.043445652	0.07415	24.46619217	0.132	0.8	0.77		1.1543
2020	527	ПП	20-30	[0]	7.42	8.06	23.07060755	377.67072	0.17	1.4363	2.28	0.049	1.111111111	0.05	0.7	0.053445652	0.067208974	24.81167608	0.1456	0.85	0.77		1.2263
2020	527	ПП	30-40	[0]	7.09	8.14	10.26272578	239.09032	0.12	1.6158	2.273333333	0	1.25	0.1	0.7	0.044191304	0.03564359	24.46619217	0.1296	0.7	1.034		1.3338
2020	527	ПП	40-50	[0]	7.09	8.24	6.814449918	170.060184	0.11	1.8547	3.430487973	0.098	1.555555556	0.2	0.65	0.042343478	0.024479487	24.42307692	0.1635	0.95	1.76		1.3747
2020	527	ПП	50-60	[0]	7.1	8.4	4.844006568	162.159536	0.11	1.8547	3.430487973	0.098	1.555555556	0.2	0.65	0.042343478	0.024479487	24.42307692	0.1635	0.95	1.76		1.3747
2020	527	ПП	60-70	[0]	7.33	8.45	4.844006568	139.986672	0.08	1.7837	3.228347826	0	1.583333333	0.15	0.55	0.049158696	0.015325641	24.42307692	0.1526	0.85	2.068		1.2197
2020	527	ПП	70-80	[0]	7.42	8.5	4.844006568	140.022792	0.06	1.806	2.308237624	0.049	1.416666667	0.15	0.5	0.053417391	0.016017949	24.5	0.1498	0.85	2.42		1.146
2020	527	ПП	80-90	[0]	7.49	8.47	3.858784893	139.757912	0.05	1.7508	1.653285372	0.049	1.527777778	0.05	0.5	0.061408696	0.018251282	24.32692308	0.1568	0.8	2.442		1.0848
2020	527	ПП	90-100	[0]	7.62	8.37	1.888341544	127.493968	0.04	1.8259	1.626666667	0.049	1.527777778	0.4	0.35	0.068952174	0.016380769	24.4	0.1443	0.75	2.904		1.0339
2020	527	ПП	100-110	[0]	7.62	8.77	2.380952381	142.416344	0.04	1.7472	1.222666667	0.098	1.611111111	0.35	0.35	0.065865217	0.017312821	24.32692308	0.1554	0.75	2.508		1.0632
2020	527	ПП	110-120	[0]	7.43	8.79	3.858784893	138.065088	0.03	1.6987	2.126666667	0	1.527777778	0.2	0.25	0.071878261	0.024564103	24.51923077	0.1417	0.7	2.904		0.9067
2020	527	ПП	120-130	[0]	7.83	8.81	3.858784893	130.944632	0.03	1.4918	4.618666667	0.049	1.694444444	0.3	0.3	0.0857	0.024757692	24.03846154	0.1568	0.8	2.486		0.8138
2020	527	ПП	130-140	[0]	7.59	8.86	4.351395731	149.767968	0.03	1.4034	4.332	0.049	1.416666667	0.3	0.25	0.094278261	0.027510256	24.23076923	0.1391	0.75	2.464		0.7314
2020	527	ПП	140-150	[0]	7.85	8.92	5.829228243	159.310872	0.03	1.2518	1.328	0.098	1.5	0.3	0.25	0.096332609	0.026387179	24.61538462	0.154	0.85	2.244		0.6398
2020	527	ПП	150-160	[0]	7.88	8.99	5.829228243	139.1824	0.03	1.3108	5.292761905	0.098	1.638888889	0.35	0.3	0.098619565	0.022803846	24.42307692	0.162	0.9	2.31		0.6808
2020	527	ПП	160-170	[0]	7.92	8.92	8.29228243	134.87208	0.03	1.3438	1.226666667	0.049	1.527777778	0.25	0.3	0.107608696	0.021592308	23.26923077	0.1512	0.85	2.464		0.6718
2020	527	ПП	170-180	[0]	7.81	9.03	9.277504105	128.32232	0.04	1.3764	3.229681159	0.049	1.555555556	0.4	0.325	0.13916087	0.018010256	24.3	0.1512	0.8	2.354		0.7344
2020	527	ПП	180-190	[0]	7.85	9.09	7.307060755	139.401528	0.03	1.2028	1.028	0.098	1.5	0.4	0.25	0.226391304	0.026508974	23.94230769	0.1526	0.85	2.2		0.6028
2020	527	ПП	190-200	[0]	7.78	8.85	7.799671593	136.998344	0.04	1.0884	1.267958146	0.049	1.611111111	0.4	0.25	0.029815217	0.05969359	24	0.162	0.9	2.046		0.5304
2020	527	ПП	0-10	[1]	7.18	8.24	11.74055829	328.52344	0.16	1.5005	2.141333333	0.049	1.638888889	0.25	0.6	0.045941304	0.088374359	24.51923077	0.154	0.7	1.804		1.0085
2020	527	ПП	окт.20	[1]	7.21	8.18	11.74055829	289.99544	0.16	1.4654	1	0.049	2.083333333	0.25	0.8	0.044495652	0.039955128	24.42307692	0.198	0.95	1.166		1.1474
2020	527	ПП	20-30	[1]	7.2	7.69	8.784893268	231.122248	0.15	1.4218	1.224	0.098	1.583333333	0.25	0.55	0.045197826	0.081758974	24.51923077	0.1605	0.9	1.166		1.1038
2020	527	ПП	0-10	[2]	7.28	8.33	10.26272578	353.30176	0.17	1.3382	1.318666667	0.049	1.694444444	0.15	0.6	0.041958696	0.093098718	24.6	0.165	0.85	0.704		1.1462
2020	527	ПП	окт.20	[2]	7.13	8.37	10.75533662	327.51208	0.16	1.3689	1.492	0.098	2.25	0.2	0.7	0.03443913	0.048048718	24.9	0.2071	0.9	0.77		1.1589
2020	527	ПП	20-30	[2]	7.13	8.36	9.770114943	281.06176	0.16	1.5385	0.992	0.049	2.25	0.25	0.55	0.033706522	0.080114103	24.7	0.286	2.15	0.858		1.3045
2020	527	ПП	0-10	[3]	7.26	8.23	13.2183908	359.20136	0.18	1.6728	1.006666667	0	1.944444444	0.1	0.55	0.02963913	0.078578205	24.61538462	0.1792	0.8	0.77		1.4628
2020	527	ПП	окт.20	[3]	7.28	8.35	18.63711002	398.86112	0.19	1.7219	1.417333333	0.098	1.722222222	0.15	0.5	0.061306522	0.159448718	24.61538462	0.165	0.65	0.77		1.5119
2020	527	ПП	20-30	[3]	7.03	8.23	10.75533662	292.04224	0.17	1.5702	1.414666667	0	1.777777778	0.3	0.6	0.031982609	0.041183333	24.71153846	0.176	1	0.792		1.3542
2020	527	ПП	0-10	[4]	7.11	8.22	6.814449918	273.21168	0.17	1.359	2.839288026	0.098	1.527777778	0.2	0.475	0.032386957	0.051780769	24.51923077	0.1417	0.7	0.924		1.107
2020	527	ПП	окт.20	[4]	7.37	8.27	7.799671593	268.44384	0.16	1.5813	1.722666667	0.049	1.611111111	0.15	0.5	0.041793478	0.037064103	24.5	0.1512	0.75	0.858		1.3473
2020	527	ПП	20-30	[4]	7.37	8.28	7.307060755	223.464808	0.16	1.475	5.499103825	0.098	1.555555556	0.3	0.4	0.079308696	0.080241026	24.6	0.1512	0.7	0.968		1.211
2020	528	ПП	0-10	[0]	7.15	8.23	9.770114943	338.75744	0.17	1.5154	5.300817927	0.049	1.611111111	0.175	0.45	0.034436957	0.067296154	24.61538462	0.1498	0.75	0.704		1.3234
2020	528	ПП	окт.20	[0]	7.16	8.21	8.784893268	320.6252	0.17	1.3075	3.309763441	0.049	1.611111111	0.25	0.45	0.047804348	0.054919231	24.61538462	0.1443	0.6	0.682		1.1215
2020	528	ПП	20-30	[0]	7.19	8.21	8.784893268	282.67512	0.17	1.262	4.615210884	0	1.638888889	0.175	0.5	0.03946087	0.036111538	24.71153846	0.1512	0.8	0.506		1.124
2020	528	ПП	30-40	[0]	7.25	8.31	7.307060755	222.494384	0.14	1.5905	1.326666667	0.049	1.527777778	0.2	0.55	0.0448	0.029916667	24.51923077	0.1554	0.8	0.77		1.3805
2020	528	ПП	40-50	[0]	7.27	8.23	6.32183908	187.460392	0.12	1.7316	2.54482243	0.098	1.5	0.25	0.6	0.054408696	0.019571795	24.51923077	0.1554	0.75	1.32		1.3716
2020	528	ПП	50-60	[0]	7.3	8.25	5.829228243	174.630568	0.11	1.7521	1.325333333	0.049	1.555555556	0.175	0.6	0.055202174	0.022225641	24.51923077	0.154	0.85	1.54		1.3321
2020	528	ПП	60-70	[0]	7.28	8.35	5.336617406	164.300248	0.09	1.7436	1.828	0	1.5	0.3	0.5	0.0548	0.02225641	24.51923077	0.1404	0.75	1.804		1.2516
2020	528	ПП	70-80	[0]	7.34	8.5	4.844006568	149.597	0.09	1.807	3.324857143	0.049	1.416666667	0.25	0.5	0.056	0.022146154	24.51923077	0.143	0.75	1.958		1.273
2020	528	ПП	80-90	[0]	7.44	8.37	4.351395731	136.995936	0.05	1.975	1.732	0.098	1.416666667	0.25	0.5	0.058280435	0.019212821	24.13461538	0.154	0.8	2.838		1.201
2020	528	ПП	90-100	[0]	7.42	8.55	1.888341544	137.36436	0.06	1.8546	2.034666667	0.049	1.361111111	0.25	0.35	0.067204348	0.021153846	24.3	0.1443	0.8	3.014		1.0326
2020	528	ПП	100-110	[0]	7.88	8.64	1.888341544	144.523344	0.05	1.7941	2.130666667	0.049	1.444444444	0.3	0.35	0.06463913	0.019341026	24.4	0.1456	0.75	2.882		1.0081
2020	528	ПП	110-120	[0]	7.5	8.69	2.380952381	133.494704	0.03	1.7899	1.532	0.049	1.416666667	0.35	0.4	0.067363043	0.021375641	24.4	0.1391	0.7	2.948		0.9859
2020	528	ПП	120-130	[0]	7.54	8.66	1.395730706	134.115968	0.03	1.679	2.033904762	0	1.277777778	0.4	0.4	0.073032609	0.041319231	24	0.1308	0.65	2.904		0.887
2020	528	ПП	130-140	[0]	7.6	8.68	2.873563218	136.384304	0.03	1.565	1.333644245	0.098	2.111111111	0.45	0.4	0.068132609	0.02305641	24.1	0.1926	0.9	2.574		0.863
2020	528	ПП	140-150	[0]	7.71	8.68	2.380952381	142.982224	0.03	1.3847	2.24082494	0.098	1.277777778	0.35	0.3	0.073934783	0.026989744	24.5	0.1296	0.7	2.508		0.7007
2020	528	ПП	150-160	[0]	7.69	8.82	3.366174056	145.426344	0.03	1.42	1.222666667	0.049	1.611111111	0.25	0.35	0.068341304	0.021292308	24.4	0.1456	0.7	2.42		0.76
2020	528	ПП	160-170	[0]	7.87	8.87	4.351395731	123.607456	0.03	1.2989	1.432	0.098	1.416666667	0.3	0.3	0.081841304	0.023487179	24.5	0.1456	0.75	2.332		0.6629
2020	528	ПП	170-180	[0]	7.86	8.79	5.336617406	123.841032	0.03	1.3815	11.99855072	0	1.388888889	0.35	0.25	0.074836957	0.029597436	23.8	0.1391	0.8	2.244		0.7695
2020	528	ПП	180-190	[0]	7.96	9.18	5.829228243	131.618872	0.03	1.3127	1.726666667	0.098	1.527777778	0.35	0.2	0.076263043	0.024211538	24.61538462	0.1554	0.85	2.2		0.7127
2020	528	ПП	190-200	[0]	8.04	9.15	9.277504105	138.503344	0.02	1.5064	1.532	0.049	1.416666667	0.35	0.35	0.038602174	0.079860256	24.13461538	0.1443	0.8	2.552		0.8104
2020	528	ПП	0-10	[1]	7.3	8.58	9.770114943	344.8256	0.16	1.3457	1.589645022	0.049	2.055555556	0.1	0.5	0.0413	0.077096154	24.61538462	0.1712	0.8	0.66		1.1657
2020	528	ПП	окт.20	[1]	7.41	8.35	11.24794745	331.2204	0.16	1.3473	1.532	0.049	1.416666667	0.15	1.1	0.034717391	0.049882051	24.71153846	0.1665	0.9	0.638		1.1733
2020	528	ПП	20-30	[1]	7.34	8.32	9.277504105	287.12992	0.16	1.2344	1.521333333	0.098	1.638888889	0.25	0.4	0.03513913	0.052258974	24.13461538	0.1554	0.75	0.628571429		1.062971429
2020	528	ПП	0-10	[2]	7.3	8.33	7.799671593	290.62152	0.17	1.3262	4.130666667	0.147	1.444444444	0.1	0.55	0.033576087	0.055662821	24.03846154	0.1417	0.7	0.748		1.1222
2020	528	ПП	окт.20	[2]	7.33	8.48	14.69622332	306.61064	0.16	1.2879	3.329333333	0.049	1.472222222	0.25	0.5	0.03491087	0.030620513	24.71153846	0.143	0.75	1.76		0.8079
2020	528	ПП	20-30	[2]	7.32	8.4	5.336617406	212.166472	0.16	1.5338	2.021333333	0	1.638888889	0.15	0.55	0.039169565	0.097416667	24.51923077	0.154	0.8	0.924		1.2818
2020	528	ПП	0-10	[3]	7.18	8.3	17.65188834	434.66808	0.18	1.4963	1.924	0.049	1.583333333	0.15	0.55	0.034808696	0.06189359	24.71153846	0.1554	0.75	0.638		1.3223
2020	528	ПП	окт.20	[3]	7.21	8.34	11.74055829	327.19904	0.16	1.2553	16.23045614	0.049	1.777777778	0.2	0.4	0.036871739	0.047760256	24.80769231	0.1554	0.65	0.682		1.0693
2020	528	ПП	20-30	[3]	7.27	8.61	10.75533662	277.90728	0.16	1.406	12.22769231	0.098	1.666666667	0.15	0.4	0.043219565	0.125716667	24.71153846	0.1526	0.7	0.748		1.202
2020	528	ПП	0-10	[4]	7.2	8.12	12.23316913	454.77488	0.16	1.2724	2.717333333	0	1.722222222	0.15	0.45	0.033430435	0.10235	24.72324723	0.154	0.65	0.506		1.1344
2020	528	ПП	окт.20	[4]	7.19	8.23	13.2183908	440.92888	0.17	1.2707	2.016	0.049	1.75	0.05	0.35	0.039045652	0.085738462	24.72324723	0.1568	0.65	0.396		1.1627
2020	528	ПП	20-30	[4]	7.24	8.31	10.75533662	368.5444	0.17	1.4252	4.077082508	0.098	1.694444444	0.2	0.45	0.03855	0.068820513	24.63099631	0.1635	0.85	0.946		1.1672
2020	529	ТТ	0-10	[0]	7.35	8.28	22.08538588	339.26312	0.16	1.4499	2.62	0.049	1.666666667	0.25	0.5	0.036843478	0.07589359	24.44649446	0.1498	0.7	0.792		1.2339
2020	529	ТТ	окт.20	[0]	7.42	8.23	22.08538588	329.24584	0.16	1.5393	5.129333333	0	1.472222222	0.05	0.6	0.041371739	0.041267949	24.44649446	0.1404	0.8	0.814		1.3173
2020	529	ТТ	20-30	[0]	7.04	8.32	7.799671593	239.66824	0.14	1.4057	2.822666667	0	1.611111111	0.05	0.55	0.047017391	0.019841026	23.61623616	0.154	0.85	0.924		1.1537
2020	529	ТТ	30-40	[0]	7.16	8.45	6.814449918	156.594648	0.11	1.7163	2.825333333	0.049	1.555555556	0.05	0.5	0.090895652	0.021866667	24.07749077	0.154	0.85	1.54		1.2963
2020	529	ТТ	40-50	[0]	7.39	8.47	4.844006568	145.486544	0.1	1.816	3.214666667	0.049	1.777777778	0.35	0.4	0.068595652	0.030266667	24.26199262	0.1635	0.85	1.826		1.318
2020	529	ТТ	50-60	[0]	7.38	8.34	3.858784893	140.054096	0.1	1.8012	2.422666667	0.049	1.611111111	0.1	0.6	0.087454348	0.037464103	23.89298893	0.1665	0.9	1.892		1.2852
2020	529	ТТ	60-70	[0]	7.34	8.33	5.336617406	128.307872	0.09	1.8653	3.413396825	0.049	1.638888889	0.45	0.5	0.073080435	0.017555128	24.53874539	0.1792	0.95	4.158		0.7313
2020	529	ТТ	70-80	[0]	7.39	8.39	1.888341544	125.85412	0.08	1.8629	2.522735931	0.098	1.555555556	0.6	0.5	0.084771739	0.01989359	23.89298893	0.1728	0.95	3.388		0.9389
2020	529	ТТ	80-90	[0]	7.42	8.46	1.395730706	120.176056	0.08	1.8632	2.825333333	0.049	1.555555556	0.35	0.7	0.091097826	0.01835	24.07749077	0.1635	0.85	2.486		1.1852
2020	529	ТТ	90-100	[0]	7.47	8.47	0.410509031	119.3766	0.05	1.8479	2.895416667	0	1.527777778	0.65	0.15	0.101163043	0.022455128	24.6	0.1526	0.8	2.618		1.1339
2020	529	ТТ	100-110	[0]	7.44	8.57	0.410509031	121.341528	0.06	1.8881	2.622666667	0.049	1.611111111	0.5	0.35	0.114917391	0.019420513	24.5	0.1512	0.8	2.552		1.1921
2020	529	ТТ	110-120	[0]	7.67	8.6	0.410509031	110.438104	0.04	1.8452	2.966144928	0.049	1.611111111	0.55	0.45	0.116726087	0.018751282	23.70848708	0.1526	0.75	2.992		1.0292
2020	529	ТТ	120-130	[0]	7.64	8.65	0.410509031	114.623208	0.04	1.6569	3.082639456	0	3.805555556	0.5	0.45	0.139191304	0.020698718	23.33948339	0.2616	0.65	2.574		0.9549
2020	529	ТТ	130-140	[0]	7.59	8.65	2.380952381	112.398216	0.03	1.4672	2.010356589	0.098	1.722222222	0.4	0.1	0.182432609	0.038808974	24.1697417	0.1568	0.7	2.662		0.7412
2020	529	ТТ	140-150	[0]	7.69	8.66	2.873563218	118.748112	0.03	1.3749	3.482206897	0.049	2.166666667	0.4	0.55	0.226586957	0.021451282	23.89298893	0.2016	0.85	2.442		0.7089
2020	529	ТТ	150-160	[0]	7.33	8.87	3.366174056	119.434392	0.03	1.4146	3.918666667	0	1.694444444	0.5	0.75	0.313956522	0.019357692	24.1697417	0.1776	0.8	2.31		0.7846
2020	529	ТТ	160-170	[0]	7.82	9.07	2.873563218	96.4404	0.03	1.4942	2.371376499	0.049	1.555555556	0.55	0.4	0.443434783	0.024880769	24.07749077	0.162	0.8	2.662		0.7682
2020	529	ТТ	170-180	[0]	7.92	8.96	3.858784893	94.648848	0.03	1.4649	2.327099099	0.049	2.194444444	0.1	0.4	0.664673913	0.016110256	23.52398524	0.2052	1	2.53		0.7749
2020	529	ТТ	180-190	[0]	7.9	8.93	4.351395731	92.963248	0.03	1.4637	2.720148148	0	1.972222222	0.5	0.3	0.885065217	0.018280769	24.1697417	0.2128	0.95	2.376		0.8157
2020	529	ТТ	190-200	[0]	8.05	8.98	4.351395731	89.030984	0.03	1.5386	3.030814815	0	2.444444444	0.45	0.4	0.056028261	0.065394872	23.52398524	0.1962	0.8	2.882		0.7526
2020	529	ТТ	0-10	[1]	7.26	8.16	20.60755337	291.6088	0.19	1.6611	3.938666667	0.049	1.277777778	0.6	0.4	0.05056087	0.077503846	24.63099631	0.143	0.7	0.726		1.4631
2020	529	ТТ	окт.20	[1]	7.53	8.33	20.60755337	349.83424	0.18	1.6485	2.734666667	0	1.361111111	0.4	0.15	0.04861087	0.036542308	24.44649446	0.1284	0.8	0.858		1.4145
2020	529	ТТ	20-30	[1]	7.23	8.33	12.23316913	217.53872	0.17	1.5413	2.184666667	0	1.361111111	0.5	0.55	0.058795652	0.06015	23.98523985	0.1404	0.75	1.034		1.2593
2020	529	ТТ	0-10	[2]	7.14	8.37	28.9819376	287.10584	0.18	1.5821	2.738666667	0.049	1.277777778	0.5	0.35	0.049619565	0.048198718	24.44649446	0.1308	0.75	0.858		1.3481
2020	529	ТТ	окт.20	[2]	6.87	8.33	23.56321839	265.07264	0.18	1.5933	2.934666667	0.049	1.361111111	0.45	0.6	0.057308696	0.061764103	23.89298893	0.1512	0.8	0.836		1.3653
2020	529	ТТ	20-30	[2]	7.34	8.27	14.69622332	209.416536	0.16	1.5383	1.912	0	1.833333333	0.55	0.5	0.051943478	0.053416667	17.78846154	0.1728	0.9	0.968		1.2743
2020	529	ТТ	0-10	[3]	7.38	8.19	19.12972085	256.452	0.16	1.5755	2.964969697	0.049	1.361111111	0.4	0.65	0.048582609	0.040596154	24.44649446	0.1404	0.75	0.902		1.3295
2020	529	ТТ	окт.20	[3]	7.07	8.27	18.14449918	222.556992	0.16	1.5474	1.734666667	0.049	1.361111111	0.45	0.85	0.066215217	0.073051282	24.63099631	0.1456	0.65	0.88		1.3074
2020	529	ТТ	20-30	[3]	7.4	8.21	9.770114943	200.882584	0.15	1.6738	2.097333333	0.049	2.138888889	0.25	0.2	0.054021739	0.063966667	24.35424354	0.1887	0.95	1.188		1.3498
2020	529	ТТ	0-10	[4]	7.1	8.09	25.0410509	279.76144	0.17	1.6617	3.036	0.049	1.333333333	0.35	0.35	0.053730435	0.055048718	24.07749077	0.132	0.7	0.924		1.4097
2020	529	ТТ	окт.20	[4]	7.16	8.13	17.1592775	254.7664	0.15	1.6045	3.236	0.098	1.333333333	0.5	0.1	0.058430435	0.053242308	24.35424354	0.1332	0.75	1.166		1.2865
2020	529	ТТ	20-30	[4]	7.07	8.18	11.74055829	200.800712	0.14	1.6179	2.412	0.098	1.833333333	0.35	0.55	0.125523913	0.039101282	24.35424354	0.1819	0.9	1.232		1.2819
2019	435	ПП	0-10		7.1	8.34	83.28	663.63	0.22	2.1453											0.97		1.880754545
2019	438	ПП	0-10		7.23	8.44	13.49	235.97	0.17	1.6585											1.06		1.369409091
2019	440	ПП	0-10		7.27	8.29	22.69	291.45	0.17	1.7281											1.06		1.439009091
2019	443	ПП	0-10		7.29	8.35	16.2	530.54	0.19	1.8233											1.06		1.534209091
2019	445	ПП	0-10		7.33	8.39	19.99	276.84	0.17	1.7649											1.14		1.453990909
2019	446	ПП	0-10		7.15	8.35	81.66	684.97	0.26	2.7216											1.14		2.410690909
2019	448	ПП	0-10		7.33	8.46	14.04	227.31	0.17	1.7096											1.14		1.398690909
2019	450	ПП	0-10		7.34	8.26	17.28	326.73	0.17	1.6388											1.14		1.327890909
2019	451	ТТ	0-10		7.37	8.38	21.61	308.89	0.17	1.7683											1.14		1.457390909
2019	452	ТТ	0-10		7.39	8.59	18.9	272.57	0.15	1.9853											2.02		1.434390909
2019	453	ТТ	0-10		7.32	8.42	31.67	266.28	0.14	1.9219											2.11		1.346445455
2019	454	ТТ	0-10		7.35	8.44	42.54	370.76	0.16	1.6936											1.41		1.309054545
2019	455	ТТ	0-10		7.3	8.51	24.43	239.6	0.11	1.5152											1.67		1.059745455
2019	436	ТТ	0-10		7.48	8.49	21.2	305	0.19	1.7655											1.23		1.430045455
2019	435	ПП	окт.20		7.28	8.36	19.77	277.86	0.18	1.6981											1.32		1.3381
2019	438	ПП	окт.20		7.34	8.47	18.22	245.77	0.19	1.6749											0.97		1.410354545
2019	440	ПП	окт.20		7.32	8.29	19.25	256.23	0.17	1.676											1.14		1.365090909
2019	443	ПП	окт.20		7.35	8.52	17.18	343.81	0.18	1.7029											1.14		1.391990909
2019	445	ПП	окт.20		7.39	8.4	24.43	312.72	0.16	1.8583											1.5		1.449209091
2019	446	ПП	окт.20		7.29	8.49	37.36	528.47	0.23	2.2401											1.23		1.904645455
2019	448	ПП	окт.20		7.27	8.41	13.56	221.98	0.17	1.6731											1.14		1.362190909
2019	450	ПП	окт.20		7.26	8.7	22.74	253.07	0.16	1.6635											1.14		1.352590909
2019	451	ТТ	окт.20		7.29	8.54	28.55	351	0.17	1.8046											1.23		1.469145455
2019	452	ТТ	окт.20		7.39	8.76	17.98	235.56	0.14	1.9609											2.46		1.289990909
2019	453	ТТ	окт.20		7.4	8.64	14.81	206.6	0.13	1.9009											2.38		1.251809091
2019	454	ТТ	окт.20		7.33	8.37	56.58	446.89	0.17	1.766											1.23		1.430545455
2019	455	ТТ	окт.20		7.31	8.39	12.69	224.64	0.11	1.583											2.02		1.032090909
2019	436	ТТ	окт.20		7.42	8.5	12.53	339.53	0.19	1.7689											1.23		1.433445455
