Год,GPS №,Тип обработки,Глубина,повторность,"рН солевой вытяжки, ед. рН","рН водной вытяжки, ед. рН","Фосфор (подвижная форма), мг/кг","Калий (подвижная форма), млн-1","Общий азот, %","Общий углерод, %","М.д. содержания  гипса (по Хитрову), %","Массовая доля иона хлорида, ммоль/100 г","Массовая доля иона сульфата, ммоль/100 г","Массовая доля магния (водорастворимая форма), ммоль/100 г почвы","Массовая доля кальция (водорастворимая форма), ммоль/100 г почвы","Массовая доля натрия (водорастворимая форма), мг•экв на 100 г почвы","Массовая доля калия (водорастворимая форма), мг•экв на 100 г почвы","Сумма поглощенных оснований по Каппену, ммоль/100 г","Массовая доля плотного остатка водной вытяжки, %","Карбонат и бикарбонат-ионы, ммоль/100 г","Массовая доля общего содержания карбонатов (по Козловскому), % (CO2)","Массовая доля общего содержания карбонатов (по Козловскому), %(CaCO3)","Органический углерод, %"
2021,584,ТТ,0-10,[0],6.69,8.73,23.4,366.273656,0.13,1.6971,0.6573333333333333,0.17341040462427804,0.19444444444444448,0.09307083333333332,0.3689475,3.1078750000000015e-05,0.0005518109999999999,24.700000000000003,0.09000000000000341,0.03355,1.3090000000000002,2.976666,1.3401
2021,584,ТТ,10-20,[0],6.73,8.71,21.0,332.802456,0.13,1.6696,1.1933333333333336,0.2167630057803469,0.1388888888888889,0.09250416666666668,0.33399749999999995,2.9152500000000013e-05,0.00051909,24.55,0.06799999999998363,0.0305,1.54,3.50196,1.2496
2021,584,ТТ,20-30,[0],6.81,8.91,12.6,283.751496,0.1,1.518,1.1957333333333338,0.17341040462427748,0.0888888888888889,0.09858333333333333,0.3924225,3.6593000000000014e-05,0.00030242549999999995,24.6,0.11399999999994748,0.02745,1.804,4.102296,1.026
2021,584,ТТ,30-40,[0],6.87,8.66,8.399999999999999,214.48537599999997,0.09,1.4815,1.0586666666666669,0.3034682080924854,0.16666666666666669,0.11645833333333333,0.34159750000000005,0.00010900850000000002,0.0001919775,24.55,0.05800000000007799,0.03355,2.992,6.803808,0.6655000000000001
2021,584,ТТ,40-50,[0],6.87,8.77,7.399999999999999,200.28299199999995,0.08,1.4257,1.0613333333333337,0.17341040462427734,0.11111111111111112,0.10429583333333332,0.3160725,9.55305e-05,0.000149877,24.65,0.07000000000005002,0.02745,2.398,5.453052,0.7716999999999999
2021,584,ТТ,50-70,[0],7.15,8.79,8.399999999999999,198.652776,0.06,1.3916,0.9266666666666667,0.2167630057803468,0.1388888888888889,0.14180416666666665,0.5612975000000001,0.00014480800000000004,0.00016405349999999998,24.700000000000003,0.07599999999996497,0.0305,2.398,5.453052,0.7375999999999999
2021,584,ТТ,70-90,[0],7.2,8.74,8.2,194.93000800000002,0.06,1.0273,1.0613333333333337,0.2167630057803468,0.11111111111111112,0.1343125,0.2621975,0.00016469150000000002,0.000196287,24.75,0.06816666666666768,0.03355,1.7379999999999998,3.9522120000000003,0.5533000000000001
2021,584,ТТ,90-110,[0],7.09,8.56,13.4,205.936976,0.07,0.7109,1.1920000000000004,0.17341040462427734,0.16666666666666669,0.16397499999999998,0.28154749999999995,0.000187795,0.000246909,24.85,0.05625000000000213,0.02745,1.3419999999999999,3.051708,0.3449
2021,584,ТТ,110-130,[0],7.1,8.78,14.8,178.30999199999997,0.06,0.3286,1.0586666666666669,0.2167630057803468,0.16666666666666669,0.14198333333333335,0.235645,0.000128294,0.0001859325,24.4,0.06060000000000796,0.0244,0.7260000000000002,1.6509240000000005,0.13059999999999994
2021,584,ТТ,130-150,[0],7.16,8.75,19.0,165.258632,0.07,0.1966,0.9273333333333336,0.2384393063583816,0.125,0.14411041666666666,0.2190075,0.00010797925,0.00017085899999999998,24.71,0.07033333333332338,0.0244,0.6710000000000002,1.5258540000000005,0.013599999999999973
2021,584,ТТ,150-170,[0],7.23,8.97,16.4,164.931144,0.06,0.3039,0.66,0.3034682080924854,0.1388888888888889,0.12330416666666667,0.21422,0.00010083200000000001,0.000263055,23.95,0.055499999999995,0.0244,0.7039999999999998,1.6008959999999997,0.11190000000000003
2021,584,ТТ,170-190,[0],7.25,8.89,22.2,164.548272,0.06,0.2413,0.9253333333333332,0.2167630057803468,0.16666666666666669,0.13974166666666665,0.217335,0.00015167350000000002,0.00021867299999999998,22.75,0.09033333333332412,0.0244,0.5939999999999999,1.3507559999999996,0.07930000000000004
2021,584,ТТ,0-10,[1],7.18,8.55,23.6,339.88197599999995,0.13,1.3921,0.5280000000000001,0.2601156069364161,0.11111111111111112,0.09841666666666668,0.3844725,8.15925e-05,0.0005178225,24.700000000000003,0.06816666666666768,0.03355,1.1879999999999995,2.7015119999999992,1.0681
2021,584,ТТ,10-20,[1],7.2,8.58,15.4,324.326296,0.13,1.4282,0.9266666666666667,0.17341040462427734,0.1388888888888889,0.09693749999999997,0.3580975,8.943550000000001e-05,0.0004550325,24.65,0.06816666666666768,0.03355,1.144,2.601456,1.1162
2021,584,ТТ,20-30,[1],7.24,8.63,11.8,267.112216,0.12,1.38,0.5280000000000001,0.17341040462427734,0.11111111111111112,0.08908749999999999,0.2794225,0.00010440850000000004,0.00030893850000000004,24.700000000000003,0.05625000000000213,0.0305,1.364,3.1017360000000003,1.0079999999999998
2021,584,ТТ,0-10,[2],7.32,8.68,13.0,242.47837599999997,0.11,1.5871,0.2613333333333334,0.13005780346820806,0.11111111111111112,0.11402083333333332,0.3936724999999999,0.00010763999999999998,0.000280683,24.55,0.06060000000000796,0.03355,2.31,5.252939999999999,0.9571
2021,584,ТТ,10-20,[2],7.34,8.79,8.6,167.567904,0.07,1.7053,1.1880000000000004,0.2601156069364161,0.2500000000000001,0.12676666666666667,0.3395225,0.00012301549999999998,0.00016233749999999998,24.6,0.14066666666664673,0.0305,2.794,6.353556,0.9433
2021,584,ТТ,20-30,[2],7.5,8.73,8.0,156.910096,0.07,1.7359,0.9266666666666667,0.2167630057803468,0.1388888888888889,0.13158333333333333,0.33879750000000003,0.0001329745,0.0002244645,24.300000000000004,0.055499999999995,0.039650000000000005,2.64,6.0033600000000025,1.0159
2021,584,ТТ,0-10,[3],7.43,8.36,19.2,290.277176,0.1,1.5447,0.9266666666666667,0.26011560693641617,0.1388888888888889,0.11115833333333333,0.4267725000000001,0.00011405700000000002,0.0004640415000000001,24.55,0.18066666666664827,0.04575,2.244,5.102855999999999,0.9326999999999999
2021,584,ТТ,10-20,[3],7.36,8.9,8.399999999999999,195.73187199999995,0.09,1.696,1.7926666666666669,0.32514450867052025,0.1527777777777778,0.12609791666666664,0.341935,0.00014839600000000002,0.00021308624999999995,24.55,0.13633333333333533,0.0327875,2.255,5.12787,1.081
2021,584,ТТ,20-30,[3],7.45,8.35,10.2,193.829552,0.09,1.658,0.8989696969696971,0.09754335260115607,0.7159090909090909,0.14450833333333332,0.463625,0.00020275650000000004,0.00023835825000000001,24.500000000000004,0.2726666666666707,0.028975,2.4199999999999995,5.503079999999999,0.9980000000000001
2021,584,ТТ,0-10,[4],7.38,8.2,25.6,421.2482959999999,0.15,1.5607,0.903878787878788,0.1517341040462427,0.6136363636363636,0.10006666666666668,0.5916875,0.00015437600000000001,0.000828477,24.75,0.22500000000000853,0.0305,1.2099999999999995,2.751539999999999,1.2307000000000001
2021,584,ТТ,10-20,[4],7.36,8.39,16.799999999999994,317.511656,0.12,1.2664,1.0372121212121217,0.13005780346820806,0.6136363636363636,0.08802499999999998,0.4201375,0.0001296395,0.0003937245,24.500000000000004,0.18180000000002394,0.02745,1.2759999999999998,2.9016239999999995,0.9184000000000001
2021,584,ТТ,20-30,[4],7.24,8.58,9.2,233.978136,0.09,1.1295,1.1705454545454552,0.08670520231213873,0.6136363636363641,0.08649583333333334,0.3869125,0.0001470045,0.0002297685,24.1,0.2109999999999701,0.0305,1.9799999999999995,4.502519999999999,0.5895
2021,585,ТТ,0-10,[0],7.24,,24.8,387.9215759999999,0.15,1.4779,1.8372121212121213,0.13005780346820808,0.6136363636363641,0.09513333333333336,0.4686625,0.0002208575,0.0008110439999999999,24.900000000000002,0.166499999999985,0.0305,0.9899999999999995,2.25126,1.2079
2021,585,ТТ,10-20,[0],7.23,8.26,17.4,355.052376,0.16,1.4757,0.7705454545454544,0.08670520231213867,0.6136363636363641,0.09760833333333332,0.4457375,0.00022937900000000001,0.000616941,24.800000000000004,0.2709999999999724,0.0305,0.7699999999999996,1.750979999999999,1.2657
2021,585,ТТ,20-30,[0],7.28,8.01,20.8,330.707496,0.17,1.5485,0.5038787878787879,0.10838150289017336,0.6136363636363641,0.0995375,0.4949625,0.0005382919999999999,0.0007592909999999999,24.800000000000004,0.20450000000000296,0.0305,0.9239999999999998,2.1011759999999997,1.2965
2021,585,ТТ,30-40,[0],7.33,8.24,9.6,196.507248,0.14,1.6446,0.7705454545454544,0.08670520231213867,0.6136363636363641,0.09204583333333334,0.5411125,0.0002112435,0.0002205645,24.55,0.20450000000000296,0.0305,1.892,4.302407999999999,1.1286
2021,585,ТТ,40-50,[0],7.41,8.25,9.4,158.973752,0.12,1.7463,0.903878787878788,0.11921965317919075,0.6136363636363641,0.1130625,0.5810125,0.00023999349999999999,0.0002758275,24.450000000000003,0.1687500000000064,0.022875,1.9799999999999995,4.502519999999999,1.2063000000000001
2021,585,ТТ,50-70,[0],7.47,8.41,8.799999999999997,143.69499199999996,0.13,1.5966,0.7661818181818181,0.24927745664739875,0.7045454545454546,0.12931666666666666,0.4465125,0.00025373025,0.00015220725,24.450000000000003,0.2424000000000319,0.02745,2.244,5.102855999999999,0.9845999999999999
2021,585,ТТ,70-90,[0],7.5,7.69,9.0,152.19763999999995,0.12,1.632,1.303878787878788,0.06502890173410403,0.6136363636363636,0.16378749999999995,0.4317875,0.000302956,0.0001813695,24.65,0.2109999999999701,0.02745,2.244,5.102855999999999,1.0199999999999998
2021,585,ТТ,90-110,[0],7.45,8.03,6.2,133.769216,0.11,1.6653,1.1705454545454552,0.13005780346820806,0.6136363636363636,0.2014875,0.3628625,0.0004474305000000001,0.00021972599999999998,24.450000000000003,0.166499999999985,0.02745,2.8160000000000003,6.4035839999999995,0.8973
2021,585,ТТ,110-130,[0],7.68,8.29,6.8000000000000025,124.137216,0.06,1.5149,1.5705454545454545,0.08670520231213873,0.6136363636363641,0.2468083333333333,0.31598750000000003,0.0004907280000000002,0.0002127255,24.65,0.18066666666664827,0.0305,2.6839999999999997,6.1034159999999975,0.7828999999999999
2021,585,ТТ,130-150,[0],7.97,8.6,6.8000000000000025,115.959648,0.04,1.2139,2.103878787878788,0.06502890173410407,0.6136363636363641,0.24398333333333336,0.22673750000000004,0.000418255,0.00017828849999999998,24.300000000000004,0.13633333333333533,0.0274,2.6180000000000003,5.953332,0.4998999999999999
2021,585,ТТ,150-170,[0],8.01,8.75,8.0,112.819616,0.04,1.1534,1.5705454545454545,0.043352601156069336,0.6136363636363641,0.2574125,0.19764,0.0006438735000000001,0.0002107755,24.6,0.13633333333333533,0.0274,2.4419999999999997,5.553107999999999,0.48740000000000006
2021,585,ТТ,170-190,[0],7.95,8.73,9.0,107.76281599999999,0.05,1.0799,1.303878787878788,0.08670520231213867,0.6136363636363641,0.2331083333333333,0.2123975,0.0007051340000000003,0.0002589405,24.700000000000003,0.11250000000000426,0.03045,3.9160000000000004,8.904983999999997,0.011900000000000022
2021,585,ТТ,0-10,[1],6.87,8.03,16.0,319.58253599999995,0.14,1.3374,1.5705454545454545,0.2384393063583814,0.6136363636363641,0.10439583333333333,0.5815375000000002,0.00030293299999999997,0.0007576140000000001,24.95,0.2424000000000319,0.02745,1.3199999999999996,3.001679999999999,0.9774
2021,585,ТТ,10-20,[1],6.96,8.16,12.2,231.218568,0.14,1.4004,1.4372121212121214,0.1734104046242774,0.6136363636363641,0.09022083333333332,0.4502375,0.0001913485,0.00030550650000000005,24.95,0.2109999999999701,0.02745,1.3859999999999997,3.1517639999999987,1.0224000000000002
2021,585,ТТ,20-30,[1],7.07,7.95,11.4,177.59481599999995,0.13,1.571,1.303878787878788,0.13005780346820806,0.6136363636363641,0.09109583333333332,0.4499125000000001,0.0001411855,0.00017856150000000005,24.95,0.166499999999985,0.0305,2.772,6.303527999999997,0.8150000000000001
2021,585,ТТ,0-10,[2],,,27.4,409.400936,0.16,1.4592,1.6787878787878792,0.11921965317919075,1.1363636363636365,0.10208958333333336,0.5099375,0.00018132625,0.0008283697500000001,,0.5419999999999447,0.028975,1.3969999999999996,3.1767779999999988,1.0782000000000003
2021,585,ТТ,10-20,[2],7.12,7.96,7.8,267.064056,0.14,1.5442,1.318,0.10838150289017344,0.3194444444444445,0.09294375000000002,0.4615625,0.00014001250000000002,0.00035036625,24.95,0.13633333333333533,0.025925000000000004,1.7819999999999996,4.052267999999999,1.0582000000000003
2021,585,ТТ,20-30,[2],7.14,8.0,9.6,244.452936,0.15,1.5223,1.4533333333333334,0.06502890173410403,0.2777777777777778,0.10146666666666668,0.4818625,0.00016210400000000002,0.00032352450000000017,24.900000000000002,0.13633333333333533,0.02745,2.2880000000000003,5.202912,0.8982999999999999
2021,585,ТТ,0-10,[3],7.2,7.94,21.2,402.63445599999983,0.15,1.5589,1.324,0.06502890173410403,0.19444444444444448,0.09052083333333334,0.4203625,0.0001378505,0.0006726915000000001,24.95,0.05625000000000213,0.02745,1.3199999999999996,3.001679999999999,1.1989
2021,585,ТТ,10-20,[3],7.16,7.92,17.4,376.89293599999996,0.16,1.5628,1.4546666666666668,0.08670520231213873,0.2500000000000001,0.08270416666666665,0.33806250000000004,0.0001162765,0.000571662,24.95,0.06060000000000796,0.0244,1.4079999999999997,3.201792,1.1788
2021,585,ТТ,20-30,[3],7.11,7.97,11.8,340.098696,0.15,1.5046,1.7186666666666668,0.10838150289017344,0.3055555555555556,0.092025,0.3489625,0.000150351,0.0005567055000000001,24.85,0.14066666666664673,0.0244,1.3859999999999997,3.1517639999999987,1.1266
2021,585,ТТ,0-10,[4],7.24,,19.6,383.63533600000005,0.16,1.5519,1.5853333333333337,0.1300578034682082,0.3055555555555556,0.10476666666666667,0.4932375,0.0002766555000000001,0.0007273889999999999,24.95,0.11099999999999,0.03355,1.2979999999999996,2.951652,1.1979000000000002
2021,585,ТТ,10-20,[4],7.17,8.02,12.2,328.203176,0.15,1.561,1.7213333333333336,0.3034682080924861,0.2500000000000001,0.08325,0.3945125,0.00012950150000000005,0.0003984435,24.85,0.18066666666664827,0.02745,1.4739999999999998,3.3518759999999994,1.159
2021,585,ТТ,20-30,[4],7.3,7.97,9.4,223.238456,0.15,1.6093,1.586666666666667,0.13005780346820833,0.2777777777777778,0.107025,0.5308875,0.0001904285,0.0002441985,24.900000000000002,0.13633333333333533,0.0305,1.914,4.352436,1.0873
2021,586,ПП,0-10,[0],7.18,7.83,28.20000000000001,688.8011759999997,0.2,1.9424,1.0506666666666669,0.21676300578034752,0.33333333333333337,0.10070833333333334,0.4110125,0.00020469999999999996,0.0016944525000000005,24.95,0.13633333333333533,0.0305,1.804,4.102296,1.4504
2021,586,ПП,10-20,[0],7.16,8.34,14.6,598.9586959999998,0.13,1.3536,1.5546666666666669,0.4095,0.9444444444444446,0.10178333333333334,0.23137,0.000190187,0.0010500165,24.87,0.3375000000000128,0.0122,1.5179999999999998,3.451932,0.9396
2021,586,ПП,20-30,[0],7.2,8.19,19.8,600.909176,0.14,1.4224,1.5733333333333337,0.182,0.5555555555555556,0.10637916666666666,0.2496325,0.000131215,0.0008836425000000002,24.900000000000002,0.18180000000002394,0.01525,1.5399999999999996,3.501959999999998,1.0024000000000002
2021,586,ПП,30-40,[0],7.28,8.29,13.6,451.540936,0.13,1.2882,1.6866666666666668,0.13650000000000004,0.9722222222222224,0.10024166666666666,0.221295,0.000108859,0.0006647160000000001,24.900000000000002,0.35166666666661683,0.01525,1.4299999999999995,3.2518199999999995,0.8982000000000001
2021,586,ПП,40-50,[0],,8.05,13.2,388.379096,0.13,1.1902,1.4880000000000002,0.364,2.333333333333333,0.1169625,0.26619499999999996,0.000132388,0.000639873,24.900000000000002,0.66599999999994,0.0122,1.2539999999999998,2.851596,0.8482
2021,586,ПП,50-70,[0],7.19,8.17,14.4,323.892856,0.15,1.4522,1.5413333333333334,0.2275,1.2222222222222223,0.13209166666666666,0.2598075,0.00012219899999999995,0.00026023725000000005,24.900000000000002,0.5419999999999447,0.0122,1.2539999999999998,2.851596,1.1101999999999999
2021,586,ПП,70-90,[0],7.08,8.43,12.6,357.41221600000006,0.16,1.4825,1.5466666666666666,0.4095,1.1111111111111112,0.14495625,0.286095,0.000155802,0.00023902125000000005,24.95,0.409000000000006,0.009150000000000002,0.9679999999999996,2.201231999999999,1.2185000000000001
2021,586,ПП,90-110,[0],7.22,7.99,10.6,334.006456,0.16,1.7029,1.7133333333333336,0.13650000000000004,0.4166666666666667,0.1423375,0.29975749999999995,0.00016683049999999998,0.0003418155000000001,24.900000000000002,0.13633333333333533,0.009150000000000002,1.914,4.352436,1.1809
2021,586,ПП,110-130,[0],7.32,8.37,9.8,288.30261599999994,0.13,1.5112,1.5813333333333337,0.182,0.3888888888888889,0.13157499999999994,0.303595,0.00014172600000000006,0.00023096775,24.85,0.11250000000000426,0.0122,2.6619999999999995,6.053387999999999,0.7852000000000002
2021,586,ПП,130-150,[0],7.32,8.43,8.2,214.930856,0.1,1.5331,1.9080000000000004,0.182,1.916666666666667,0.1383125,0.2661825,0.0002163495,0.00017048849999999998,24.900000000000002,0.6060000000000798,0.01525,3.41,7.754339999999999,0.6030999999999999
2021,586,ПП,150-170,[0],7.36,8.34,7.6,227.348912,0.07,1.6106,1.964,0.182,0.75,0.13677083333333334,0.2797075,0.000175053,0.00017586075,24.85,0.2813333333332935,0.01525,3.498,7.954452000000002,0.6566000000000001
2021,586,ПП,170-190,[0],7.34,7.9,7.399999999999999,203.65178400000002,0.07,1.5715,1.9733333333333336,0.273,0.5555555555555556,0.1460604166666667,0.25134500000000004,0.000214544,0.00016771950000000002,24.95,0.166499999999985,0.0122,4.5760000000000005,10.405824,0.3234999999999997
2021,586,ПП,0-10,[1],7.25,7.99,19.2,560.9604559999998,0.15,1.465,2.632,0.364,0.7222222222222223,0.0947125,0.2263075,0.00018465549999999994,0.0009807427500000002,24.900000000000002,0.3613333333332965,0.01525,1.2979999999999996,2.951652,1.1110000000000002
2021,586,ПП,10-20,[1],7.12,7.91,16.4,573.554296,0.15,1.4825,1.0413333333333334,0.2275,0.5277777777777778,,,,,,,0.0183,1.4519999999999995,3.301847999999999,1.0865
2021,586,ПП,20-30,[1],7.26,8.21,16.4,512.776376,0.13,1.3316,1.1719999999999997,0.273,0.5833333333333334,0.09475416666666664,0.2251575,8.164999999999999e-05,0.0008153632499999999,24.900000000000002,0.20450000000000296,0.0122,1.3419999999999996,3.0517079999999988,0.9656
2021,586,ПП,0-10,[2],7.09,8.02,24.6,762.4137360000002,0.19,1.9102,0.9813333333333336,0.09099999999999996,1.777777777777778,0.10762083333333332,0.2474075,0.0001561125,0.0015177727500000006, ,0.45000000000001705,0.01525,1.4959999999999998,3.401904,1.5022
2021,586,ПП,10-20,[2],7.2,8.28,16.2,549.6428559999998,0.14,1.3641,1.3093333333333332,0.4095,0.5,0.1320291666666667,0.23157,0.00015548,0.001041451125,24.87,0.18180000000002394,0.0122,1.5399999999999996,3.501959999999998,0.9441000000000002
2021,586,ПП,20-30,[2],7.22,8.0,13.999999999999998,456.01981599999993,0.13,1.2467,1.048,0.2275,0.3888888888888889,0.134075,0.2844575,4.602300000000001e-05,0.0007631909999999999,,0.14066666666664673,0.01525,1.4299999999999995,3.2518199999999995,0.8567
2021,586,ПП,0-10,[3],7.2,8.02,35.2,780.738616,0.2,2.0082,1.5826666666666669,0.3185,0.3611111111111112,0.09485833333333334,0.2113325,0.00012311899999999996,0.0014424052500000002,24.985,0.11099999999999,0.01525,1.3859999999999997,3.1517639999999987,1.6302
2021,586,ПП,10-20,[3],7.19,8.31,17.4,568.015896,0.15,1.3836,1.3039999999999998,0.2275,0.6111111111111112,0.13497083333333335,0.2156575,5.0346999999999984e-05,0.00102159525,24.900000000000002,0.2709999999999724,0.01525,1.4739999999999998,3.3518759999999994,0.9816
2021,586,ПП,20-30,[3],7.19,8.17,17.4,517.086696,0.14,1.4229,1.048,0.2275,0.3888888888888889,0.09032916666666667,0.211745,0.00011411449999999998,0.00087489675,24.85,0.13633333333333533,0.0122,1.5179999999999998,3.451932,1.0089000000000001
2021,586,ПП,0-10,[4],7.04,7.78,23.0,761.4023759999999,0.23,2.1606,1.2966666666666666,0.25025,0.7638888888888891,0.11635208333333333,0.23001375,0.00014053575000000002,0.0013292565000000002,24.900000000000002,0.2726666666666707,0.0183,1.485,3.3768900000000004,1.7556
2021,586,ПП,10-20,[4],7.25,8.24,12.2,543.7673359999999,0.15,1.499,1.0133333333333334,0.364,1.1111111111111112,0.10271666666666666,0.23355749999999997,9.77155e-05,0.00096153525,24.85,0.3375000000000128,0.01525,1.584,3.6020160000000003,1.0670000000000002
2021,586,ПП,20-30,[4],7.2,8.31,16.0,577.7442159999998,0.22,2.099,1.0466666666666669,0.182,0.4166666666666667,0.10335833333333333,0.25327,4.4344000000000015e-05,0.00102530025,,0.12120000000001595,0.01525,1.364,3.1017360000000003,1.727
2020,525,ПП,0-10,[0],7.33,8.45,7.482159394236531,459.78352,0.34,1.4947,1.6649799999999813,0.0,9.666666666666668,0.2,0.8,0.03714347826086956,0.07895,22.7,0.5671,0.6500000000000001,1.1,,1.1946999999999999
2020,525,ПП,10-20,[0],7.3,8.43,6.321839080459768,375.72024,0.26,1.3616,2.721919999999966,0.0,0.8333333333333334,0.0,0.8,0.033589130434782614,0.04825128205128205,24.2,0.108,0.7,1.5840000000000007,,0.9295999999999998
2020,525,ПП,20-30,[0],7.31,8.45,4.351395730706075,371.96376000000004,0.23,1.3721,4.221849999999994,0.0,0.6666666666666667,1.35,0.7,0.03244782608695652,0.039702564102564106,24.4,0.109,0.6500000000000001,1.2759999999999994,,1.0241000000000002
2020,525,ПП,30-40,[0],7.32,8.46,4.351395730706075,257.63192000000004,0.17,1.7961,1.9144766666666595,0.0,0.4444444444444445,0.4,0.55,0.03705,0.021069230769230767,24.700000000000003,0.08800000000000001,0.6,1.8040000000000007,,1.3040999999999998
2020,525,ПП,40-50,[0],7.33,8.5,6.321839080459768,225.72832799999998,0.11,1.8826,7.081516666666674,0.0,1.027777777777778,0.2,0.65,0.0452195652173913,0.01524102564102564,24.71698113207547,0.1221,0.75,2.3759999999999994,,1.2346000000000004
2020,525,ПП,50-60,[0],7.33,8.54,5.829228243021345,198.741872,0.11,1.8085,8.937630000000055,0.0,5.0,0.8500000000000001,0.75,0.04584782608695652,0.016842307692307698,24.528301886792455,0.35200000000000004,0.8,2.6663999999999994,,1.0813000000000001
2020,525,ПП,60-70,[0],7.42,8.56,7.307060755336616,194.21724,0.09,1.7636,4.4149933333333395,0.0,2.7222222222222223,0.5,0.5,0.04677826086956522,0.011626923076923076,23.9,0.2109,0.6500000000000001,2.6840000000000006,,1.0316
2020,525,ПП,70-80,[0],7.41,8.58,7.79967159277504,198.253048,0.09,1.7728,6.1539633333333015,0.0,3.0555555555555562,0.5,0.475,0.057543478260869564,0.019461538461538464,23.9,0.2268,0.8,2.1559999999999997,,1.1848
2020,525,ПП,80-90,[0],7.41,8.64,7.79967159277504,192.139136,0.05,1.8116,2.0584633333333398,0.0,1.8972222222222224,0.95,0.4,0.07152608695652174,0.013598717948717948,22.16981132075472,0.1712,0.7,3.4320000000000004,,0.8756
2020,525,ПП,90-100,[0],7.57,8.87,9.27750410509031,190.800288,0.04,1.8834,5.611140000000032,0.0,0.7500000000000001,0.55,0.4,0.0938195652173913,0.016343589743589744,24.62264150943397,0.108,0.75,5.456,,0.39539999999999975
2020,525,ПП,100-110,[0],7.5,8.85,9.770114942528737,189.596288,0.05,1.7252,2.663460000000036,0.049000000000000016,3.2500000000000004,0.5,0.4500000000000001,0.1892282608695652,0.024701282051282053,24.339622641509436,0.2461,0.85,3.102,,0.8792000000000001
2020,525,ПП,110-120,[0],7.85,8.94,10.755336617405579,187.002872,0.04,1.6552,4.333233333333332,0.147,3.0555555555555562,0.6,0.4,0.17867173913043474,0.09619358974358974,24.528301886792455,0.25070000000000003,0.9000000000000001,2.7060000000000004,,0.9171999999999998
2020,525,ПП,120-130,[0],7.77,8.87,12.233169129720853,198.669632,0.04,1.5490000000000002,3.563440000000029,0.049000000000000016,3.166666666666667,0.4500000000000001,0.4500000000000001,0.1610608695652174,0.017075641025641027,24.433962264150946,0.2461,0.95,2.596,,0.8410000000000001
2020,525,ПП,130-140,[0],7.71,8.95,13.711001642036125,184.026584,0.03,1.3929,2.8016466666667252,0.098,3.111111111111112,0.7,0.4,0.12517391304347825,0.030964102564102567,24.433962264150946,0.2354,0.75,3.0580000000000003,,0.5589
2020,525,ПП,140-150,[0],7.82,8.93,16.66666666666667,203.5819520000001,0.03,1.3506,3.7456133333333774,0.049000000000000016,3.1388888888888893,1.15,0.4,0.16678695652173914,0.017364102564102563,24.528301886792455,0.2576,0.835,2.31,,0.7206
2020,525,ПП,150-160,[0],7.89,8.95,15.188834154351394,175.947744,0.02,1.3192,2.5784833333333883,0.147,3.2222222222222228,0.35,0.5,0.2124021739130435,0.02460897435897436,24.339622641509436,0.2576,0.8550000000000001,2.728,,0.5751999999999998
2020,525,ПП,160-170,[0],7.96,9.18,4.844006568144501,123.453344,0.03,1.4051,3.2036866666666137,0.049000000000000016,8.777777777777779,0.7,0.4500000000000001,0.26808695652173914,0.01419871794871795,24.4,0.55,0.86,2.376,,0.7571
2020,525,ПП,170-180,[0],7.91,8.98,5.336617405582922,109.81683999999998,0.02,1.3615,5.295083333333344,0.098,3.1388888888888893,0.6,0.5,0.4247391304347826,0.02921666666666667,24.71698113207547,0.264,0.9000000000000001,2.31,,0.7314999999999999
2020,525,ПП,180-190,[0],7.84,9.22,4.351395730706075,103.967808,0.02,1.3379,3.9746599999999996,0.098,3.333333333333334,0.5,0.6,0.6540217391304348,0.028375641025641024,24.62264150943397,0.2912,0.97,2.42,,0.6779000000000001
2020,525,ПП,190-200,[0],7.81,9.15,4.844006568144501,111.473544,0.02,1.4098,4.418539999999988,0.049000000000000016,3.333333333333334,0.25,1.1,1.449934782608696,0.08631666666666668,24.62264150943397,0.3597,1.685,2.442,,0.7437999999999999
2020,525,ПП,0-10,[1],7.04,8.22,10.755336617405579,301.45752000000005,0.21,1.4461,4.52229333333333,0.0,3.0555555555555562,0.2,0.8500000000000001,0.3395217391304348,0.05280641025641025,24.81132075471698,0.2464,0.72,1.8228571428571425,,0.9489571428571428
2020,525,ПП,10-20,[1],7.36,8.14,7.79967159277504,263.60376,0.2,1.3342,3.3480566666666745,0.0,2.9444444444444446,0.15,0.6,0.06630652173913043,0.03864871794871795,24.81132075471698,0.22399999999999998,0.71,0.9019999999999996,,1.0882
2020,525,ПП,20-30,[1],7.29,7.98,7.79967159277504,256.37976000000003,0.2,1.3362,4.008433333333368,0.0,2.9722222222222228,0.55,0.7,0.06559565217391304,0.032791025641025644,24.71698113207547,0.231,0.77,0.9019999999999996,,1.0902000000000003
2020,525,ПП,0-10,[2],7.25,8.15,10.26272577996716,398.6444,0.19,1.5608,3.6001000000000443,0.049000000000000016,2.916666666666667,0.3,0.6,0.0597086956521739,0.08167435897435897,24.81132075471698,0.2268,0.845,0.88,,1.3208
2020,525,ПП,10-20,[2],7.3,8.04,6.814449917898193,283.83096,0.2,1.31,2.3626666666666667,0.0,2.861111111111112,0.6,0.6,0.09339565217391303,0.037887179487179484,24.6,0.2268,0.76,1.0559999999999994,,1.0220000000000002
2020,525,ПП,20-30,[2],7.23,8.16,8.292282430213463,252.45472,0.19,1.5261,2.56,0.098,2.916666666666667,0.4,0.75,0.060869565217391314,0.03017948717948718,24.71698113207547,0.2442,0.82,1.21,,1.1961
2020,525,ПП,0-10,[3],7.34,8.04,12.725779967159276,336.0123200000001,0.18,1.3986,3.3626666666666667,0.147,2.861111111111112,0.3,0.5,0.0667391304347826,0.05815128205128205,24.81132075471698,0.222,0.7249999999999999,0.77,,1.1886
2020,525,ПП,10-20,[3],7.36,8.14,7.307060755336616,285.56472,0.17,1.3004,3.7074871794871793,0.049000000000000016,2.8888888888888893,0.15,0.6,0.08415434782608695,0.033574358974358974,24.90566037735849,0.214,0.7,1.1,,1.0004
2020,525,ПП,20-30,[3],7.3,8.14,9.27750410509031,272.99496,0.17,1.2437,2.361333333333333,0.049000000000000016,2.8888888888888893,0.35,0.5,0.06712608695652175,0.032791025641025644,24.90566037735849,0.214,0.67,0.9239999999999998,,0.9917
2020,525,ПП,0-10,[4],7.28,8.22,7.307060755336616,254.2848,0.17,1.2304,3.0626666666666664,0.098,2.861111111111112,0.5,0.6,0.06696956521739131,0.030860256410256408,24.90566037735849,0.2331,0.7150000000000001,0.9019999999999996,,0.9844
2020,525,ПП,10-20,[4],7.36,8.17,8.292282430213463,240.53512,0.16,1.4815,2.2133333333333334,0.098,1.805555555555556,0.0,0.75,0.06730652173913043,0.0502025641025641,24.433962264150946,0.1712,0.825,0.99,,1.2115
2020,525,ПП,20-30,[4],7.16,8.18,10.26272577996716,229.76413599999998,0.16,1.5407,2.821333333333333,0.147,1.6388888888888888,0.0,0.7,0.050982608695652167,0.03286025641025641,24.62264150943397,0.1712,0.915,0.33,,1.4506999999999999
2020,526,ПП,0-10,[0],7.39,8.44,18.144499178981942,439.67672000000005,0.18,1.4412,2.5053333333333336,0.147,1.9722222222222223,0.3,0.8,0.07870869565217391,0.14478205128205127,24.10546139359699,0.1962,0.835,0.77,,1.2312
2020,526,ПП,10-20,[0],7.33,8.03,13.2183908045977,350.6047999999999,0.17,1.3804,2.514666666666667,0.049000000000000016,1.7777777777777781,0.1,0.6,0.04142608695652174,0.07091282051282051,24.623352165725045,0.1744,0.8800000000000001,0.8139999999999998,,1.1584
2020,526,ПП,20-30,[0],7.32,8.23,10.755336617405579,285.4684,0.16,1.3295,2.8186666666666667,0.049000000000000016,1.6944444444444446,0.0,0.6,0.05162826086956522,0.052379487179487184,24.623352165725045,0.16499999999999998,0.9000000000000001,0.77,,1.1195
2020,526,ПП,30-40,[0],7.41,8.29,6.321839080459768,221.357808,0.13,1.7412,1.1133333333333333,0.147,1.805555555555556,0.4,0.65,0.05604565217391305,0.07573846153846152,24.576271186440678,0.1819,0.97,1.0120000000000002,,1.4652
2020,526,ПП,40-50,[0],7.32,8.21,5.336617405582922,177.209536,0.11,1.7896,2.8946666666666667,0.098,2.1944444444444446,0.05,0.65,0.04357826086956521,0.02193589743589744,24.67043314500942,0.1944,0.965,1.3420000000000003,,1.4236
2020,526,ПП,50-60,[0],7.5,8.19,10.755336617405579,157.62768,0.1,1.8259999999999998,2.6239999999999997,0.196,1.5833333333333333,2.7,0.75,0.06732173913043478,0.1688205128205128,24.52919020715631,0.21600000000000005,0.93,1.958,,1.2919999999999998
2020,526,ПП,60-70,[0],7.35,8.34,6.321839080459768,153.18010399999997,0.1,1.8287,2.028,0.147,1.5,0.3,0.7,0.06173478260869565,0.02035769230769231,24.435028248587567,0.162,0.9250000000000002,2.09,,1.2587000000000002
2020,526,ПП,70-80,[0],7.54,8.44,5.336617405582922,143.79612799999995,0.08,1.8512,2.5173333333333336,0.196,1.7222222222222223,0.55,0.6,0.07248913043478261,0.046832051282051285,24.293785310734464,0.1836,0.975,2.53,,1.1612
2020,526,ПП,80-90,[0],7.47,8.51,3.858784893267652,146.12948,0.06,1.8523,10.021333333333336,0.147,1.6388888888888888,0.25,0.5,0.07781521739130434,0.0237474358974359,24.34086629001883,0.16799999999999998,0.85,2.4640000000000004,,1.1803
2020,526,ПП,90-100,[0],7.62,8.47,4.351395730706075,140.10948000000002,0.05,1.8676,2.824,0.098,1.5833333333333333,0.35,0.55,0.08762391304347827,0.025573076923076924,24.3879472693032,0.1728,0.99,2.596,,1.1595999999999997
2020,526,ПП,100-110,[0],7.44,8.4,3.0213464696223324,136.938144,0.03,1.6471,3.143952662721894,0.147,6.0,0.4,0.4500000000000001,0.09768478260869566,0.03346025641025641,24.15254237288136,0.3888,0.8699999999999999,2.7939999999999996,,0.8851000000000002
2020,526,ПП,110-120,[0],7.68,8.54,2.8735632183908044,142.568048,0.05,2.0838,2.6266666666666665,0.098,1.5277777777777781,0.25,0.4500000000000001,0.08729347826086957,0.018738461538461537,24.34086629001883,0.16649999999999998,0.915,2.7939999999999996,,1.3218000000000003
2020,526,ПП,120-130,[0],7.6,8.76,2.8735632183908044,143.285632,0.03,1.73,3.325333333333334,0.196,1.5555555555555558,0.4,0.4500000000000001,0.0992695652173913,0.08305384615384616,24.293785310734464,0.1792,0.9250000000000002,2.6180000000000003,,1.016
2020,526,ПП,130-140,[0],7.84,8.79,2.380952380952381,139.24500799999998,0.03,1.6826,2.813333333333333,0.196,1.805555555555556,0.25,0.5,0.10139130434782608,0.16826923076923078,24.199623352165723,0.1887,0.8550000000000001,2.9920000000000004,,0.8666
2020,526,ПП,140-150,[0],7.7,8.73,3.3661740558292284,142.73179199999996,0.03,1.5883,1.3506666666666671,0.245,1.8611111111111116,0.6,0.4,0.11115869565217393,0.1725769230769231,24.199623352165723,0.1962,0.965,2.6620000000000004,,0.8623
2020,526,ПП,150-160,[0],7.91,8.79,2.8735632183908044,144.186224,0.04,1.5612,2.6226666666666665,0.147,1.6111111111111112,0.35,0.35,0.12442826086956522,0.024951282051282053,24.34086629001883,0.1635,0.905,2.3320000000000003,,0.9251999999999999
2020,526,ПП,160-170,[0],8.05,8.76,2.8735632183908044,131.510512,0.03,1.5866,1.024,0.098,1.5833333333333333,0.4,0.4,0.1260413043478261,0.02250512820512821,24.3879472693032,0.1744,1.005,2.596,,0.8785999999999999
2020,526,ПП,170-180,[0],7.87,8.85,4.844006568144501,135.66431200000002,0.03,1.4615,1.5253333333333332,0.098,1.5555555555555558,0.5,0.5,0.14087391304347827,0.020898717948717952,24.34086629001883,0.1712,1.0,2.266,,0.8435
2020,526,ПП,180-190,[0],8.11,8.96,6.321839080459768,132.42796,0.02,1.4657,1.3046153846153847,0.098,1.6666666666666667,0.5,0.3,0.14179565217391304,0.017234615384615386,24.293785310734464,0.1728,0.94,2.4859999999999998,,0.7877000000000001
2020,526,ПП,190-200,[0],8.0,8.73,5.336617405582922,130.860352,0.02,1.6116,0.6474074074074073,0.147,1.9444444444444449,0.4500000000000001,0.65,0.1706217391304348,0.034179487179487184,24.34086629001883,0.2033,1.075,2.7280000000000006,,0.8675999999999998
2020,526,ПП,0-10,[1],7.47,8.92,28.489326765188828,395.56216,0.05,1.2562,1.412,0.098,1.8333333333333333,0.35,0.6,0.05237826086956522,0.12109871794871795,24.67043314500942,0.1792,0.8149999999999998,0.77,,1.0462
2020,526,ПП,10-20,[1],7.25,8.16,13.711001642036125,325.53752000000003,0.21,1.9719,0.8839999999999998,0.147,2.416666666666667,0.05,0.6,0.052389130434782605,0.09095897435897436,24.717514124293785,0.214,0.98,0.8360000000000002,,1.7439
2020,526,ПП,20-30,[1],7.38,8.11,11.247947454844006,264.88,0.17,1.41,1.14,0.098,1.25,0.55,0.65,0.05100869565217392,0.05161153846153845,24.623352165725045,0.15400000000000005,0.85,0.88,,1.17
2020,526,ПП,0-10,[2],7.26,8.15,12.233169129720853,296.13584,0.15,1.1776,7.142666666666666,0.196,1.1944444444444444,0.3,0.65,0.04934130434782608,0.053579487179487184,24.67043314500942,0.1456,0.8,0.8360000000000002,,0.9496
2020,526,ПП,10-20,[2],7.46,8.23,10.26272577996716,248.7464,0.16,1.3029,2.244,0.147,1.1666666666666667,0.3,0.6,0.046089130434782605,0.04596282051282051,24.623352165725045,0.1391,0.85,1.0780000000000003,,1.0089
2020,526,ПП,20-30,[2],7.23,8.13,14.203612479474547,261.31616,0.13,1.1825,1.4671345029239768,0.098,1.1111111111111112,0.4500000000000001,0.7,0.05164565217391305,0.04835769230769231,24.73309608540925,0.1443,0.9000000000000001,1.0120000000000002,,0.9065000000000001
2020,526,ПП,0-10,[3],7.4,8.13,15.681444991789816,357.39536,0.18,1.8047,1.4062869757174392,0.098,1.0555555555555556,0.4500000000000001,0.7,0.04817173913043479,0.08382948717948717,24.73309608540925,0.1417,0.8,0.8140000000000006,,1.5826999999999998
2020,526,ПП,10-20,[3],7.21,8.15,12.233169129720853,277.06448,0.18,1.4633,1.9274710743801653,0.049000000000000016,1.1666666666666667,0.05,0.55,0.050154347826086965,0.05025384615384616,24.644128113879002,0.1344,0.75,0.9460000000000002,,1.2053
2020,526,ПП,20-30,[3],7.47,8.07,21.10016420361248,316.62792,0.17,1.3254,2.749333333333333,0.049000000000000016,1.0555555555555556,0.05,0.55,0.05371304347826087,0.059014102564102576,24.73309608540925,0.1332,0.85,0.7920000000000004,,1.1093999999999997
2020,526,ПП,0-10,[4],7.29,8.13,20.60755336617405,300.85552,0.15,1.2489,4.410751773049647,0.098,1.1944444444444444,0.0,0.65,0.04483695652173913,0.05492051282051283,24.73309608540925,0.14300000000000002,0.95,4.928,,-0.09509999999999996
2020,526,ПП,10-20,[4],7.4,8.18,11.247947454844006,242.58192000000003,0.16,1.3963,1.7106224677716388,0.049000000000000016,1.1944444444444444,0.25,0.7,0.050582608695652176,0.045942307692307685,24.466192170818506,0.1526,0.95,4.136,,0.2683
2020,526,ПП,20-30,[4],7.32,8.27,9.27750410509031,218.215368,0.16,1.265,3.2453333333333334,0.0,1.138888888888889,0.25,0.7,0.09030217391304347,0.057932051282051276,24.19928825622776,0.1417,0.9000000000000001,1.1,,0.9649999999999999
2020,527,ПП,0-10,[0],7.4,8.16,17.65188834154351,444.46864000000005,0.3,3.3795,1.4591515151515153,0.049000000000000016,1.1666666666666667,0.05,0.65,0.05382826086956522,0.1236628205128205,24.293785310734464,0.1404,0.8,0.77,,3.1695
2020,527,ПП,10-20,[0],7.26,8.16,15.681444991789816,363.70432,0.16,1.3643,1.4453333333333334,0.049000000000000016,1.138888888888889,0.0,0.65,0.04344565217391305,0.07415,24.466192170818506,0.132,0.8,0.77,,1.1543
2020,527,ПП,20-30,[0],7.42,8.06,23.07060755336617,377.67072,0.17,1.4363,2.28,0.049000000000000016,1.1111111111111112,0.05,0.7,0.05344565217391304,0.06720897435897435,24.811676082862526,0.1456,0.85,0.77,,1.2263
2020,527,ПП,30-40,[0],7.09,8.14,10.26272577996716,239.09032000000002,0.12,1.6158,2.273333333333333,0.0,1.25,0.1,0.7,0.04419130434782609,0.035643589743589735,24.466192170818506,0.1296,0.7,1.0339999999999998,,1.3337999999999999
2020,527,ПП,40-50,[0],7.09,8.24,6.814449917898193,170.06018400000002,0.11,1.8547,3.430487972508592,0.098,1.5555555555555558,0.2,0.65,0.042343478260869566,0.02447948717948718,24.423076923076927,0.1635,0.95,1.76,,1.3747
2020,527,ПП,50-60,[0],7.1,8.4,4.844006568144501,162.159536,,,,,,,,,,,,,,,
2020,527,ПП,60-70,[0],7.33,8.45,4.844006568144501,139.98667199999997,0.08,1.7837,3.2283478260869565,0.0,1.5833333333333333,0.15,0.55,0.04915869565217392,0.015325641025641028,24.423076923076927,0.1526,0.85,2.068,,1.2197
2020,527,ПП,70-80,[0],7.42,8.5,4.844006568144501,140.02279199999998,0.06,1.806,2.3082376237623765,0.049000000000000016,1.4166666666666667,0.15,0.5,0.05341739130434782,0.01601794871794872,24.500000000000004,0.14980000000000002,0.85,2.42,,1.146
2020,527,ПП,80-90,[0],7.49,8.47,3.858784893267652,139.75791199999998,0.05,1.7508,1.653285371702638,0.049000000000000016,1.5277777777777781,0.05,0.5,0.061408695652173925,0.01825128205128205,24.32692307692308,0.15680000000000002,0.8,2.442,,1.0848
2020,527,ПП,90-100,[0],7.62,8.37,1.8883415435139568,127.493968,0.04,1.8259,1.626666666666667,0.049000000000000016,1.5277777777777781,0.4,0.35,0.06895217391304348,0.01638076923076923,24.4,0.1443,0.75,2.904,,1.0339
2020,527,ПП,100-110,[0],7.62,8.77,2.380952380952381,142.41634399999995,0.04,1.7472,1.2226666666666668,0.098,1.6111111111111112,0.35,0.35,0.06586521739130434,0.017312820512820508,24.32692307692308,0.1554,0.75,2.508,,1.0632000000000001
2020,527,ПП,110-120,[0],7.43,8.79,3.858784893267652,138.065088,0.03,1.6987,2.126666666666667,0.0,1.5277777777777781,0.2,0.25,0.07187826086956521,0.024564102564102564,24.51923076923077,0.1417,0.7,2.904,,0.9067000000000002
2020,527,ПП,120-130,[0],7.83,8.81,3.858784893267652,130.944632,0.03,1.4918,4.618666666666666,0.049000000000000016,1.6944444444444446,0.3,0.3,0.08570000000000001,0.02475769230769231,24.03846153846154,0.15680000000000002,0.8,2.4859999999999998,,0.8138000000000001
2020,527,ПП,130-140,[0],7.59,8.86,4.351395730706075,149.767968,0.03,1.4034,4.332,0.049000000000000016,1.4166666666666667,0.3,0.25,0.0942782608695652,0.02751025641025641,24.230769230769234,0.1391,0.75,2.464,,0.7314
2020,527,ПП,140-150,[0],7.85,8.92,5.829228243021345,159.310872,0.03,1.2518,1.3279999999999998,0.098,1.5,0.3,0.25,0.09633260869565216,0.026387179487179488,24.615384615384617,0.15400000000000005,0.85,2.244,,0.6397999999999999
2020,527,ПП,150-160,[0],7.88,8.99,5.829228243021345,139.1824,0.03,1.3108,5.292761904761905,0.098,1.6388888888888888,0.35,0.3,0.0986195652173913,0.022803846153846157,24.423076923076927,0.162,0.9000000000000001,2.31,,0.6808
2020,527,ПП,160-170,[0],7.92,8.92,8.292282430213463,134.87207999999998,0.03,1.3438,1.2266666666666668,0.049000000000000016,1.5277777777777781,0.25,0.3,0.10760869565217393,0.02159230769230769,23.26923076923077,0.1512,0.85,2.464,,0.6718000000000002
2020,527,ПП,170-180,[0],7.81,9.03,9.27750410509031,128.32232,0.04,1.3764,3.2296811594202897,0.049000000000000016,1.5555555555555558,0.4,0.325,0.1391608695652174,0.01801025641025641,24.300000000000004,0.1512,0.8,2.354,,0.7344
2020,527,ПП,180-190,[0],7.85,9.09,7.307060755336616,139.40152799999998,0.03,1.2028,1.0279999999999998,0.098,1.5,0.4,0.25,0.2263913043478261,0.02650897435897436,23.94230769230769,0.1526,0.85,2.2,,0.6028
2020,527,ПП,190-200,[0],7.78,8.85,7.79967159277504,136.998344,0.04,1.0884,1.2679581464872944,0.049000000000000016,1.6111111111111112,0.4,0.25,0.02981521739130435,0.05969358974358975,24.000000000000004,0.162,0.9000000000000001,2.0460000000000003,,0.5304
2020,527,ПП,0-10,[1],7.18,8.24,11.74055829228243,328.52344000000005,0.16,1.5005,2.1413333333333333,0.049000000000000016,1.6388888888888888,0.25,0.6,0.04594130434782609,0.08837435897435897,24.51923076923077,0.15400000000000005,0.7,1.804,,1.0085
2020,527,ПП,10-20,[1],7.21,8.18,11.74055829228243,289.9954400000001,0.16,1.4654,0.9999999999999998,0.049000000000000016,2.083333333333334,0.25,0.8,0.04449565217391305,0.039955128205128206,24.423076923076927,0.198,0.95,1.166,,1.1474
2020,527,ПП,20-30,[1],7.2,7.69,8.784893267651888,231.12224799999998,0.15,1.4218,1.2240000000000002,0.098,1.5833333333333333,0.25,0.55,0.04519782608695652,0.08175897435897436,24.51923076923077,0.1605,0.9000000000000001,1.166,,1.1038
2020,527,ПП,0-10,[2],7.28,8.33,10.26272577996716,353.30176,0.17,1.3382,1.3186666666666669,0.049000000000000016,1.6944444444444446,0.15,0.6,0.04195869565217391,0.09309871794871796,24.6,0.16499999999999998,0.85,0.7039999999999998,,1.1462
2020,527,ПП,10-20,[2],7.13,8.37,10.755336617405579,327.51208,0.16,1.3689,1.4919999999999998,0.098,2.2500000000000004,0.2,0.7,0.03443913043478261,0.048048717948717935,24.900000000000002,0.2071,0.9000000000000001,0.77,,1.1589
2020,527,ПП,20-30,[2],7.13,8.36,9.770114942528737,281.06176,0.16,1.5385,0.992,0.049000000000000016,2.2500000000000004,0.25,0.55,0.03370652173913044,0.08011410256410256,24.700000000000003,0.28600000000000003,2.15,0.8579999999999997,,1.3045
2020,527,ПП,0-10,[3],7.26,8.23,13.2183908045977,359.20136,0.18,1.6728,1.0066666666666664,0.0,1.9444444444444449,0.1,0.55,0.029639130434782612,0.07857820512820513,24.615384615384617,0.1792,0.8,0.77,,1.4628
2020,527,ПП,10-20,[3],7.28,8.35,18.63711001642036,398.86112,0.19,1.7219,1.4173333333333331,0.098,1.7222222222222223,0.15,0.5,0.061306521739130426,0.15944871794871796,24.615384615384617,0.16499999999999998,0.6500000000000001,0.77,,1.5119
2020,527,ПП,20-30,[3],7.03,8.23,10.755336617405579,292.04224,0.17,1.5702,1.4146666666666667,0.0,1.7777777777777781,0.3,0.6,0.031982608695652184,0.041183333333333336,24.71153846153846,0.17600000000000002,1.0,0.7920000000000004,,1.3541999999999998
2020,527,ПП,0-10,[4],7.11,8.22,6.814449917898193,273.21168,0.17,1.359,2.8392880258899678,0.098,1.5277777777777781,0.2,0.475,0.032386956521739126,0.051780769230769234,24.51923076923077,0.1417,0.7,0.9239999999999998,,1.107
2020,527,ПП,10-20,[4],7.37,8.27,7.79967159277504,268.44383999999997,0.16,1.5813,1.7226666666666668,0.049000000000000016,1.6111111111111112,0.15,0.5,0.04179347826086957,0.03706410256410257,24.500000000000004,0.1512,0.75,0.8579999999999997,,1.3473
2020,527,ПП,20-30,[4],7.37,8.28,7.307060755336616,223.464808,0.16,1.475,5.499103825136614,0.098,1.5555555555555558,0.3,0.4,0.07930869565217391,0.08024102564102564,24.6,0.1512,0.7,0.9679999999999996,,1.2110000000000003
2020,528,ПП,0-10,[0],7.15,8.23,9.770114942528737,338.7574400000001,0.17,1.5154,5.300817927170868,0.049000000000000016,1.6111111111111112,0.175,0.4500000000000001,0.03443695652173913,0.06729615384615385,24.615384615384617,0.14980000000000002,0.75,0.7039999999999998,,1.3234000000000001
2020,528,ПП,10-20,[0],7.16,8.21,8.784893267651888,320.6252,0.17,1.3075,3.309763440860215,0.049000000000000016,1.6111111111111112,0.25,0.4500000000000001,0.04780434782608695,0.05491923076923076,24.615384615384617,0.1443,0.6,0.6820000000000003,,1.1215000000000002
2020,528,ПП,20-30,[0],7.19,8.21,8.784893267651888,282.67512,0.17,1.262,4.615210884353742,0.0,1.6388888888888888,0.175,0.5,0.03946086956521739,0.03611153846153847,24.71153846153846,0.1512,0.8,0.5060000000000001,,1.124
2020,528,ПП,30-40,[0],7.25,8.31,7.307060755336616,222.49438400000003,0.14,1.5905,1.3266666666666664,0.049000000000000016,1.5277777777777781,0.2,0.55,0.0448,0.02991666666666666,24.51923076923077,0.1554,0.8,0.77,,1.3805
2020,528,ПП,40-50,[0],7.27,8.23,6.321839080459768,187.46039199999998,0.12,1.7316,2.544822429906542,0.098,1.5,0.25,0.6,0.05440869565217391,0.019571794871794872,24.51923076923077,0.1554,0.75,1.32,,1.3716
2020,528,ПП,50-60,[0],7.3,8.25,5.829228243021345,174.63056799999995,0.11,1.7521,1.3253333333333333,0.049000000000000016,1.5555555555555558,0.175,0.6,0.055202173913043474,0.022225641025641032,24.51923076923077,0.15400000000000005,0.85,1.54,,1.3321
2020,528,ПП,60-70,[0],7.28,8.35,5.336617405582922,164.30024799999995,0.09,1.7436,1.828,0.0,1.5,0.3,0.5,0.0548,0.02225641025641025,24.51923076923077,0.1404,0.75,1.804,,1.2516
2020,528,ПП,70-80,[0],7.34,8.5,4.844006568144501,149.597,0.09,1.807,3.3248571428571423,0.049000000000000016,1.4166666666666667,0.25,0.5,0.056000000000000015,0.022146153846153847,24.51923076923077,0.14300000000000002,0.75,1.958,,1.2730000000000001
2020,528,ПП,80-90,[0],7.44,8.37,4.351395730706075,136.99593599999997,0.05,1.975,1.7320000000000004,0.098,1.4166666666666667,0.25,0.5,0.058280434782608685,0.01921282051282051,24.134615384615387,0.15400000000000005,0.8,2.838,,1.201
2020,528,ПП,90-100,[0],7.42,8.55,1.8883415435139568,137.36436,0.06,1.8546,2.0346666666666664,0.049000000000000016,1.3611111111111112,0.25,0.35,0.06720434782608696,0.021153846153846155,24.300000000000004,0.1443,0.8,3.014,,1.0326
2020,528,ПП,100-110,[0],7.88,8.64,1.8883415435139568,144.52334399999998,0.05,1.7941,2.130666666666667,0.049000000000000016,1.4444444444444444,0.3,0.35,0.0646391304347826,0.01934102564102564,24.4,0.1456,0.75,2.882,,1.0081
2020,528,ПП,110-120,[0],7.5,8.69,2.380952380952381,133.49470399999998,0.03,1.7899,1.5319999999999998,0.049000000000000016,1.4166666666666667,0.35,0.4,0.06736304347826087,0.021375641025641025,24.4,0.1391,0.7,2.9479999999999995,,0.9859000000000002
2020,528,ПП,120-130,[0],7.54,8.66,1.3957307060755335,134.11596799999998,0.03,1.679,2.0339047619047617,0.0,1.2777777777777781,0.4,0.4,0.07303260869565217,0.041319230769230775,24.000000000000004,0.1308,0.6500000000000001,2.904,,0.8870000000000001
2020,528,ПП,130-140,[0],7.6,8.68,2.8735632183908044,136.384304,0.03,1.565,1.3336442451420027,0.098,2.111111111111112,0.4500000000000001,0.4,0.06813260869565219,0.023056410256410257,24.1,0.1926,0.9000000000000001,2.574,,0.863
2020,528,ПП,140-150,[0],7.71,8.68,2.380952380952381,142.982224,0.03,1.3847,2.2408249400479607,0.098,1.2777777777777781,0.35,0.3,0.07393478260869564,0.026989743589743587,24.500000000000004,0.1296,0.7,2.508,,0.7007
2020,528,ПП,150-160,[0],7.69,8.82,3.3661740558292284,145.426344,0.03,1.42,1.2226666666666668,0.049000000000000016,1.6111111111111112,0.25,0.35,0.06834130434782609,0.02129230769230769,24.4,0.1456,0.7,2.4199999999999995,,0.7600000000000001
2020,528,ПП,160-170,[0],7.87,8.87,4.351395730706075,123.60745599999998,0.03,1.2989,1.432,0.098,1.4166666666666667,0.3,0.3,0.08184130434782608,0.023487179487179488,24.500000000000004,0.1456,0.75,2.3319999999999994,,0.6629
2020,528,ПП,170-180,[0],7.86,8.79,5.336617405582922,123.84103200000001,0.03,1.3815,11.99855072463768,0.0,1.3888888888888888,0.35,0.25,0.07483695652173912,0.029597435897435895,23.800000000000004,0.1391,0.8,2.244,,0.7694999999999999
2020,528,ПП,180-190,[0],7.96,9.18,5.829228243021345,131.61887199999998,0.03,1.3127,1.7266666666666668,0.098,1.5277777777777781,0.35,0.2,0.07626304347826086,0.024211538461538458,24.615384615384617,0.1554,0.85,2.2,,0.7126999999999999
2020,528,ПП,190-200,[0],8.04,9.15,9.27750410509031,138.503344,0.02,1.5064,1.5319999999999998,0.049000000000000016,1.4166666666666667,0.35,0.35,0.038602173913043485,0.0798602564102564,24.134615384615387,0.1443,0.8,2.552,,0.8103999999999999
2020,528,ПП,0-10,[1],7.3,8.58,9.770114942528737,344.8256,0.16,1.3457,1.5896450216450215,0.049000000000000016,2.055555555555556,0.1,0.5,0.0413,0.07709615384615383,24.615384615384617,0.1712,0.8,0.66,,1.1657
2020,528,ПП,10-20,[1],7.41,8.35,11.247947454844006,331.2204,0.16,1.3473,1.5319999999999998,0.049000000000000016,1.4166666666666667,0.15,1.1,0.034717391304347825,0.04988205128205128,24.71153846153846,0.16649999999999998,0.9000000000000001,0.6379999999999997,,1.1733
2020,528,ПП,20-30,[1],7.34,8.32,9.27750410509031,287.12992,0.16,1.2344,1.5213333333333332,0.098,1.6388888888888888,0.25,0.4,0.03513913043478261,0.052258974358974364,24.134615384615387,0.1554,0.75,0.6285714285714282,,1.0629714285714287
2020,528,ПП,0-10,[2],7.3,8.33,7.79967159277504,290.6215200000001,0.17,1.3262,4.1306666666666665,0.147,1.4444444444444444,0.1,0.55,0.03357608695652173,0.05566282051282052,24.03846153846154,0.1417,0.7,0.7479999999999997,,1.1222
2020,528,ПП,10-20,[2],7.33,8.48,14.69622331691297,306.61064,0.16,1.2879,3.329333333333333,0.049000000000000016,1.4722222222222223,0.25,0.5,0.03491086956521739,0.03062051282051282,24.71153846153846,0.14300000000000002,0.75,1.7599999999999996,,0.8079000000000002
2020,528,ПП,20-30,[2],7.32,8.4,5.336617405582922,212.16647200000003,0.16,1.5338,2.0213333333333336,0.0,1.6388888888888888,0.15,0.55,0.0391695652173913,0.09741666666666664,24.51923076923077,0.15400000000000005,0.8,0.9239999999999998,,1.2818
2020,528,ПП,0-10,[3],7.18,8.3,17.65188834154351,434.66808,0.18,1.4963,1.924,0.049000000000000016,1.5833333333333333,0.15,0.55,0.03480869565217391,0.06189358974358975,24.71153846153846,0.1554,0.75,0.6379999999999997,,1.3223
2020,528,ПП,10-20,[3],7.21,8.34,11.74055829228243,327.19904,0.16,1.2553,16.230456140350874,0.049000000000000016,1.7777777777777781,0.2,0.4,0.03687173913043478,0.047760256410256406,24.80769230769231,0.1554,0.6500000000000001,0.6819999999999995,,1.0693000000000001
2020,528,ПП,20-30,[3],7.27,8.61,10.755336617405579,277.90727999999996,0.16,1.406,12.227692307692303,0.098,1.6666666666666667,0.15,0.4,0.043219565217391315,0.12571666666666664,24.71153846153846,0.1526,0.7,0.7479999999999997,,1.202
2020,528,ПП,0-10,[4],7.2,8.12,12.233169129720853,454.77488,0.16,1.2724,2.7173333333333334,0.0,1.7222222222222223,0.15,0.4500000000000001,0.033430434782608695,0.10235,24.723247232472325,0.15400000000000005,0.6500000000000001,0.5059999999999993,,1.1344
2020,528,ПП,10-20,[4],7.19,8.23,13.2183908045977,440.92888,0.17,1.2707,2.016,0.049000000000000016,1.7500000000000002,0.05,0.35,0.03904565217391304,0.08573846153846154,24.723247232472325,0.15680000000000002,0.6500000000000001,0.39599999999999935,,1.1627
2020,528,ПП,20-30,[4],7.24,8.31,10.755336617405579,368.54440000000005,0.17,1.4252,4.077082508250825,0.098,1.6944444444444446,0.2,0.4500000000000001,0.03855,0.06882051282051282,24.630996309963102,0.1635,0.85,0.9459999999999994,,1.1672000000000002
2020,529,ТТ,0-10,[0],7.35,8.28,22.085385878489323,339.26312,0.16,1.4499,2.62,0.049000000000000016,1.6666666666666667,0.25,0.5,0.03684347826086957,0.07589358974358974,24.44649446494465,0.14980000000000002,0.7,0.7919999999999995,,1.2339000000000002
2020,529,ТТ,10-20,[0],7.42,8.23,22.085385878489323,329.24583999999993,0.16,1.5393,5.129333333333333,0.0,1.4722222222222223,0.05,0.6,0.04137173913043479,0.04126794871794871,24.44649446494465,0.1404,0.8,0.8139999999999998,,1.3173
2020,529,ТТ,20-30,[0],7.04,8.32,7.79967159277504,239.66824000000003,0.14,1.4057,2.8226666666666667,0.0,1.6111111111111112,0.05,0.55,0.047017391304347816,0.019841025641025644,23.616236162361623,0.15400000000000005,0.85,0.9239999999999998,,1.1537
2020,529,ТТ,30-40,[0],7.16,8.45,6.814449917898193,156.59464799999995,0.11,1.7163,2.825333333333333,0.049000000000000016,1.5555555555555558,0.05,0.5,0.09089565217391304,0.021866666666666663,24.07749077490775,0.15400000000000005,0.85,1.54,,1.2963
2020,529,ТТ,40-50,[0],7.39,8.47,4.844006568144501,145.48654399999998,0.1,1.8159999999999998,3.214666666666667,0.049000000000000016,1.7777777777777781,0.35,0.4,0.06859565217391304,0.030266666666666664,24.2619926199262,0.1635,0.85,1.826,,1.3179999999999998
2020,529,ТТ,50-60,[0],7.38,8.34,3.858784893267652,140.05409600000002,0.1,1.8012,2.4226666666666667,0.049000000000000016,1.6111111111111112,0.1,0.6,0.08745434782608695,0.03746410256410257,23.892988929889302,0.16649999999999998,0.9000000000000001,1.8919999999999997,,1.2852000000000001
2020,529,ТТ,60-70,[0],7.34,8.33,5.336617405582922,128.307872,0.09,1.8653,3.413396825396826,0.049000000000000016,1.6388888888888888,0.4500000000000001,0.5,0.0730804347826087,0.017555128205128206,24.53874538745388,0.1792,0.95,4.158,,0.7312999999999998
2020,529,ТТ,70-80,[0],7.39,8.39,1.8883415435139568,125.85411999999998,0.08,1.8629,2.522735930735931,0.098,1.5555555555555558,0.6,0.5,0.08477173913043479,0.019893589743589745,23.892988929889302,0.1728,0.95,3.388,,0.9389000000000001
2020,529,ТТ,80-90,[0],7.42,8.46,1.3957307060755335,120.17605600000002,0.08,1.8632,2.825333333333333,0.049000000000000016,1.5555555555555558,0.35,0.7,0.09109782608695652,0.01835,24.07749077490775,0.1635,0.85,2.486,,1.1852
2020,529,ТТ,90-100,[0],7.47,8.47,0.4105090311986863,119.3766,0.05,1.8479,2.8954166666666663,0.0,1.5277777777777781,0.65,0.15,0.10116304347826087,0.02245512820512821,24.6,0.1526,0.8,2.6180000000000003,,1.1339000000000001
2020,529,ТТ,100-110,[0],7.44,8.57,0.4105090311986863,121.341528,0.06,1.8881,2.6226666666666665,0.049000000000000016,1.6111111111111112,0.5,0.35,0.11491739130434785,0.01942051282051282,24.500000000000004,0.1512,0.8,2.5520000000000005,,1.1920999999999997
2020,529,ТТ,110-120,[0],7.67,8.6,0.4105090311986863,110.43810399999998,0.04,1.8452,2.9661449275362317,0.049000000000000016,1.6111111111111112,0.55,0.4500000000000001,0.11672608695652173,0.01875128205128205,23.70848708487085,0.1526,0.75,2.9920000000000004,,1.0292
2020,529,ТТ,120-130,[0],7.64,8.65,0.4105090311986863,114.623208,0.04,1.6569,3.0826394557823127,0.0,3.805555555555556,0.5,0.4500000000000001,0.1391913043478261,0.02069871794871795,23.33948339483395,0.2616,0.6500000000000001,2.5740000000000003,,0.9549
2020,529,ТТ,130-140,[0],7.59,8.65,2.380952380952381,112.398216,0.03,1.4672,2.010356589147288,0.098,1.7222222222222223,0.4,0.1,0.18243260869565214,0.03880897435897435,24.169741697416978,0.15680000000000002,0.7,2.6620000000000004,,0.7412
2020,529,ТТ,140-150,[0],7.69,8.66,2.8735632183908044,118.748112,0.03,1.3749,3.482206896551725,0.049000000000000016,2.166666666666667,0.4,0.55,0.22658695652173916,0.02145128205128205,23.892988929889302,0.2016,0.85,2.4419999999999997,,0.7089000000000001
2020,529,ТТ,150-160,[0],7.33,8.87,3.3661740558292284,119.43439199999999,0.03,1.4146,3.9186666666666663,0.0,1.6944444444444446,0.5,0.75,0.3139565217391305,0.01935769230769231,24.169741697416978,0.1776,0.8,2.3100000000000005,,0.7846
2020,529,ТТ,160-170,[0],7.82,9.07,2.8735632183908044,96.44039999999998,0.03,1.4942,2.37137649880096,0.049000000000000016,1.5555555555555558,0.55,0.4,0.4434347826086956,0.024880769230769238,24.07749077490775,0.162,0.8,2.6620000000000004,,0.7681999999999999
2020,529,ТТ,170-180,[0],7.92,8.96,3.858784893267652,94.648848,0.03,1.4649,2.3270990990991,0.049000000000000016,2.1944444444444446,0.1,0.4,0.6646739130434782,0.01611025641025641,23.523985239852397,0.2052,1.0,2.53,,0.7749000000000001
2020,529,ТТ,180-190,[0],7.9,8.93,4.351395730706075,92.963248,0.03,1.4637,2.720148148148148,0.0,1.9722222222222223,0.5,0.3,0.8850652173913044,0.018280769230769232,24.169741697416978,0.2128,0.95,2.3760000000000003,,0.8156999999999999
2020,529,ТТ,190-200,[0],8.05,8.98,4.351395730706075,89.03098399999998,0.03,1.5386,3.030814814814814,0.0,2.4444444444444446,0.4500000000000001,0.4,0.05602826086956522,0.06539487179487179,23.523985239852397,0.1962,0.8,2.8819999999999997,,0.7526
2020,529,ТТ,0-10,[1],7.26,8.16,20.60755336617405,291.6088000000001,0.19,1.6611,3.938666666666668,0.049000000000000016,1.2777777777777781,0.6,0.4,0.0505608695652174,0.07750384615384615,24.630996309963102,0.14300000000000002,0.7,0.7260000000000002,,1.4630999999999998
2020,529,ТТ,10-20,[1],7.53,8.33,20.60755336617405,349.83423999999997,0.18,1.6485,2.7346666666666666,0.0,1.3611111111111112,0.4,0.15,0.04861086956521739,0.036542307692307686,24.44649446494465,0.1284,0.8,0.8580000000000004,,1.4144999999999999
2020,529,ТТ,20-30,[1],7.23,8.33,12.233169129720853,217.53872,0.17,1.5413,2.1846666666666668,0.0,1.3611111111111112,0.5,0.55,0.05879565217391305,0.06015,23.985239852398525,0.1404,0.75,1.0340000000000007,,1.2592999999999996
2020,529,ТТ,0-10,[2],7.14,8.37,28.981937602627248,287.10584,0.18,1.5821,2.7386666666666666,0.049000000000000016,1.2777777777777781,0.5,0.35,0.04961956521739131,0.048198717948717947,24.44649446494465,0.1308,0.75,0.8580000000000004,,1.3481
2020,529,ТТ,10-20,[2],6.87,8.33,23.5632183908046,265.07264000000004,0.18,1.5933,2.9346666666666668,0.049000000000000016,1.3611111111111112,0.4500000000000001,0.6,0.05730869565217391,0.061764102564102565,23.892988929889302,0.1512,0.8,0.8360000000000002,,1.3653
2020,529,ТТ,20-30,[2],7.34,8.27,14.69622331691297,209.416536,0.16,1.5383,1.912,0.0,1.8333333333333333,0.55,0.5,0.05194347826086957,0.05341666666666667,17.78846153846154,0.1728,0.9000000000000001,0.9680000000000004,,1.2742999999999998
2020,529,ТТ,0-10,[3],7.38,8.19,19.12972085385878,256.452,0.16,1.5755,2.964969696969697,0.049000000000000016,1.3611111111111112,0.4,0.65,0.048582608695652174,0.04059615384615385,24.44649446494465,0.1404,0.75,0.9020000000000004,,1.3295
2020,529,ТТ,10-20,[3],7.07,8.27,18.144499178981942,222.556992,0.16,1.5474,1.7346666666666668,0.049000000000000016,1.3611111111111112,0.4500000000000001,0.8500000000000001,0.06621521739130436,0.07305128205128206,24.630996309963102,0.1456,0.6500000000000001,0.88,,1.3074000000000001
2020,529,ТТ,20-30,[3],7.4,8.21,9.770114942528737,200.88258400000004,0.15,1.6738,2.0973333333333337,0.049000000000000016,2.1388888888888893,0.25,0.2,0.05402173913043478,0.06396666666666667,24.354243542435427,0.1887,0.95,1.1880000000000004,,1.3497999999999999
2020,529,ТТ,0-10,[4],7.1,8.09,25.041050903119864,279.76144,0.17,1.6617,3.0360000000000005,0.049000000000000016,1.3333333333333337,0.35,0.35,0.05373043478260869,0.05504871794871795,24.07749077490775,0.132,0.7,0.9240000000000006,,1.4096999999999997
2020,529,ТТ,10-20,[4],7.16,8.13,17.159277504105088,254.7664,0.15,1.6045,3.236,0.098,1.3333333333333337,0.5,0.1,0.0584304347826087,0.053242307692307686,24.354243542435427,0.1332,0.75,1.166,,1.2865
2020,529,ТТ,20-30,[4],7.07,8.18,11.74055829228243,200.80071200000003,0.14,1.6179,2.412,0.098,1.8333333333333333,0.35,0.55,0.12552391304347826,0.03910128205128205,24.354243542435427,0.1819,0.9000000000000001,1.2320000000000004,,1.2818999999999998
2019,435,ПП,0-10,,7.1,8.34,83.28,663.63,0.22,2.1453,,,,,,,,,,,0.97,,1.8807545454545456
2019,438,ПП,0-10,,7.23,8.44,13.49,235.97,0.17,1.6585,,,,,,,,,,,1.06,,1.369409090909091
2019,440,ПП,0-10,,7.27,8.29,22.69,291.45,0.17,1.7281,,,,,,,,,,,1.06,,1.439009090909091
2019,443,ПП,0-10,,7.29,8.35,16.2,530.54,0.19,1.8233,,,,,,,,,,,1.06,,1.5342090909090909
2019,445,ПП,0-10,,7.33,8.39,19.99,276.84,0.17,1.7649,,,,,,,,,,,1.14,,1.453990909090909
2019,446,ПП,0-10,,7.15,8.35,81.66,684.97,0.26,2.7216,,,,,,,,,,,1.14,,2.410690909090909
2019,448,ПП,0-10,,7.33,8.46,14.04,227.31,0.17,1.7096,,,,,,,,,,,1.14,,1.398690909090909
2019,450,ПП,0-10,,7.34,8.26,17.28,326.73,0.17,1.6388,,,,,,,,,,,1.14,,1.3278909090909092
2019,451,ТТ,0-10,,7.37,8.38,21.61,308.89,0.17,1.7683,,,,,,,,,,,1.14,,1.457390909090909
2019,452,ТТ,0-10,,7.39,8.59,18.9,272.57,0.15,1.9853,,,,,,,,,,,2.02,,1.4343909090909093
2019,453,ТТ,0-10,,7.32,8.42,31.67,266.28,0.14,1.9219,,,,,,,,,,,2.11,,1.3464454545454545
2019,454,ТТ,0-10,,7.35,8.44,42.54,370.76,0.16,1.6936,,,,,,,,,,,1.41,,1.3090545454545455
2019,455,ТТ,0-10,,7.3,8.51,24.43,239.6,0.11,1.5152,,,,,,,,,,,1.67,,1.0597454545454545
2019,436,ТТ,0-10,,7.48,8.49,21.2,305.0,0.19,1.7655,,,,,,,,,,,1.23,,1.4300454545454546
2019,435,ПП,10-20,,7.28,8.36,19.77,277.86,0.18,1.6981,,,,,,,,,,,1.32,,1.3380999999999998
2019,438,ПП,10-20,,7.34,8.47,18.22,245.77,0.19,1.6749,,,,,,,,,,,0.97,,1.4103545454545454
2019,440,ПП,10-20,,7.32,8.29,19.25,256.23,0.17,1.676,,,,,,,,,,,1.14,,1.3650909090909091
2019,443,ПП,10-20,,7.35,8.52,17.18,343.81,0.18,1.7029,,,,,,,,,,,1.14,,1.391990909090909
2019,445,ПП,10-20,,7.39,8.4,24.43,312.72,0.16,1.8583,,,,,,,,,,,1.5,,1.449209090909091
2019,446,ПП,10-20,,7.29,8.49,37.36,528.47,0.23,2.2401,,,,,,,,,,,1.23,,1.9046454545454545
2019,448,ПП,10-20,,7.27,8.41,13.56,221.98,0.17,1.6731,,,,,,,,,,,1.14,,1.3621909090909092
2019,450,ПП,10-20,,7.26,8.7,22.74,253.07,0.16,1.6635,,,,,,,,,,,1.14,,1.352590909090909
2019,451,ТТ,10-20,,7.29,8.54,28.55,351.0,0.17,1.8046,,,,,,,,,,,1.23,,1.4691454545454545
2019,452,ТТ,10-20,,7.39,8.76,17.98,235.56,0.14,1.9609,,,,,,,,,,,2.46,,1.2899909090909092
2019,453,ТТ,10-20,,7.4,8.64,14.81,206.6,0.13,1.9009,,,,,,,,,,,2.38,,1.251809090909091
2019,454,ТТ,10-20,,7.33,8.37,56.58,446.89,0.17,1.766,,,,,,,,,,,1.23,,1.4305454545454546
2019,455,ТТ,10-20,,7.31,8.39,12.69,224.64,0.11,1.583,,,,,,,,,,,2.02,,1.032090909090909
2019,436,ТТ,10-20,,7.42,8.5,12.53,339.53,0.19,1.7689,,,,,,,,,,,1.23,,1.4334454545454545
