NDV_values,CRC_values,date,type
0.21341139,59.523228,2021-03-05,525
0.237366,54.820816,2021-03-05,525
0.24116424,57.100746,2021-03-05,525
0.24607897,59.24658,2021-03-05,525
0.21454929,62.13293,2021-03-05,525
0.25132555,60.77555,2021-03-05,525
0.26490065,63.17062,2021-03-05,525
0.24952015,57.058903,2021-03-05,525
0.26272914,63.1725,2021-03-05,525
0.23043713,59.19978,2021-03-05,525
0.2303263,47.709435,2021-03-05,526
0.26010984,54.716274,2021-03-05,526
0.26962456,51.624386,2021-03-05,526
0.25421995,52.654964,2021-03-05,526
0.23742455,57.964527,2021-03-05,526
0.26472044,64.40516,2021-03-05,526
0.2331556,56.12067,2021-03-05,526
0.2412392,52.55175,2021-03-05,526
0.23267838,55.90075,2021-03-05,526
0.22204724,59.624733,2021-03-05,526
0.20637813,59.670837,2021-03-05,527
0.23809524,55.854588,2021-03-05,527
0.29499257,94.16246,2021-03-05,527
0.2857143,86.108215,2021-03-05,527
0.2381438,65.39213,2021-03-05,527
0.2532274,68.48612,2021-03-05,527
0.2615063,66.98522,2021-03-05,527
0.29916215,70.70913,2021-03-05,527
0.22903982,64.51491,2021-03-05,527
0.21431892,59.371834,2021-03-05,527
0.2299578,67.22117,2021-03-05,528
0.23799127,63.743286,2021-03-05,528
0.22526316,60.551815,2021-03-05,528
0.2209857,50.828255,2021-03-05,528
0.219006,68.70501,2021-03-05,528
0.23792903,72.75252,2021-03-05,528
0.22947368,58.26745,2021-03-05,528
0.22770563,47.502243,2021-03-05,528
0.22258414,63.652355,2021-03-05,528
0.22554189,70.988655,2021-03-05,528
0.19746464,34.573376,2021-03-05,529
0.17042474,40.418167,2021-03-05,529
0.1750129,36.058556,2021-03-05,529
0.18245804,41.519028,2021-03-05,529
0.19324182,38.42274,2021-03-05,529
0.17526942,46.723,2021-03-05,529
0.18156579,41.170525,2021-03-05,529
0.19678284,36.633385,2021-03-05,529
0.2118451,43.77681,2021-03-05,529
0.18986031,35.754498,2021-03-05,529
0.20877884,39.795986,2021-03-05,585
0.19173364,42.974007,2021-03-05,585
0.20373832,42.97318,2021-03-05,585
0.20089285,40.792454,2021-03-05,585
0.19585253,39.158005,2021-03-05,585
0.19330855,44.860924,2021-03-05,585
0.18621524,44.306717,2021-03-05,585
0.18084507,41.896755,2021-03-05,585
0.18943226,33.1251,2021-03-05,585
0.19022688,41.48347,2021-03-05,585
0.28321317,86.234955,2021-03-05,586
0.2644255,67.00001,2021-03-05,586
0.2964427,90.06559,2021-03-05,586
0.35258093,0.0,2021-03-05,586
0.26995304,93.5489,2021-03-05,586
0.2646925,46.13872,2021-03-05,586
0.2751678,93.5489,2021-03-05,586
0.29643428,86.1617,2021-03-05,586
0.28896672,84.84493,2021-03-05,586
0.23957482,52.947388,2021-03-05,586
0.17606543,32.207302,2021-03-05,587
0.225,30.399662,2021-03-05,587
0.1735817,28.089834,2021-03-05,587
0.1875,24.641928,2021-03-05,587
0.1790585,30.918276,2021-03-05,587
0.17344753,28.003181,2021-03-05,587
0.18292683,30.918276,2021-03-05,587
0.18642493,26.613995,2021-03-05,587
0.18066157,26.844622,2021-03-05,587
0.17684378,25.525068,2021-03-05,587
0.1831456,24.35645,2021-03-05,588
0.193042,22.845615,2021-03-05,588
0.18723762,23.799246,2021-03-05,588
0.16824849,24.18633,2021-03-05,588
0.18073282,14.827355,2021-03-05,588
0.18252347,24.82961,2021-03-05,588
0.17820069,24.85591,2021-03-05,588
0.17477782,24.049324,2021-03-05,588
0.19681074,21.26447,2021-03-05,588
0.19530596,25.19283,2021-03-05,588
0.6315789,0.0,2021-04-29,525
0.628438,0.0,2021-04-29,525
0.6345445,0.0,2021-04-29,525
0.67697227,0.0,2021-04-29,525
0.68538135,0.0,2021-04-29,525
0.670859,0.0,2021-04-29,525
0.6851064,0.0,2021-04-29,525
0.7432432,0.0,2021-04-29,525
0.67550373,0.0,2021-04-29,525
0.6426865,0.0,2021-04-29,525
0.6432887,0.0,2021-04-29,526
0.70504177,0.0,2021-04-29,526
0.7163005,0.0,2021-04-29,526
0.6995614,0.0,2021-04-29,526
0.69960266,0.0,2021-04-29,526
0.67954606,0.0,2021-04-29,526
0.685654,0.0,2021-04-29,526
0.6417671,0.0,2021-04-29,526
0.66056037,0.0,2021-04-29,526
0.64756066,0.0,2021-04-29,526
0.62522614,0.0,2021-04-29,527
0.6752496,0.0,2021-04-29,527
0.80898297,0.0,2021-04-29,527
0.7840083,0.0,2021-04-29,527
0.7148959,0.0,2021-04-29,527
0.7614483,0.0,2021-04-29,527
0.7556218,0.0,2021-04-29,527
0.75417465,0.0,2021-04-29,527
0.7109766,0.0,2021-04-29,527
0.58549225,0.0,2021-04-29,527
0.5823715,0.0,2021-04-29,528
0.57945424,0.0,2021-04-29,528
0.5780016,0.0,2021-04-29,528
0.54154575,0.0,2021-04-29,528
0.5398658,0.0,2021-04-29,528
0.56615466,0.0,2021-04-29,528
0.5595745,0.0,2021-04-29,528
0.5232,0.0,2021-04-29,528
0.5652174,0.0,2021-04-29,528
0.5890411,0.0,2021-04-29,528
0.17087492,1.7225796,2021-04-29,529
0.16409037,0.0,2021-04-29,529
0.16519694,0.0,2021-04-29,529
0.15827338,0.0,2021-04-29,529
0.16367981,0.0,2021-04-29,529
0.17852835,0.0,2021-04-29,529
0.15764426,0.0,2021-04-29,529
0.16491228,0.0,2021-04-29,529
0.17253949,0.9673348,2021-04-29,529
0.16281824,0.0,2021-04-29,529
0.16256748,0.0,2021-04-29,585
0.1527861,0.0,2021-04-29,585
0.16502462,0.0,2021-04-29,585
0.15053764,0.0,2021-04-29,585
0.16553007,0.0,2021-04-29,585
0.1552039,0.0,2021-04-29,585
0.15821625,0.0,2021-04-29,585
0.16041794,0.0,2021-04-29,585
0.15994962,0.0,2021-04-29,585
0.1647275,0.0,2021-04-29,585
0.8188085,0.0,2021-04-29,586
0.78789395,0.0,2021-04-29,586
0.8059285,0.0,2021-04-29,586
0.5820337,0.0,2021-04-29,586
0.79912215,0.0,2021-04-29,586
0.78606075,0.0,2021-04-29,586
0.7974293,0.0,2021-04-29,586
0.8057663,0.0,2021-04-29,586
0.80942726,0.0,2021-04-29,586
0.7084564,0.0,2021-04-29,586
0.17815483,11.103505,2021-04-29,587
0.2823219,20.61919,2021-04-29,587
0.17113176,0.0,2021-04-29,587
0.16233766,0.0,2021-04-29,587
0.17665952,0.5235028,2021-04-29,587
0.16729425,1.3449321,2021-04-29,587
0.17864694,0.5235028,2021-04-29,587
0.166759,0.0,2021-04-29,587
0.18069705,2.574743,2021-04-29,587
0.1751473,0.0,2021-04-29,587
0.15510204,0.0,2021-04-29,588
0.15682282,0.0,2021-04-29,588
0.15794925,0.0,2021-04-29,588
0.15166835,0.0,2021-04-29,588
0.1555783,0.0,2021-04-29,588
0.16472377,0.0,2021-04-29,588
0.1504606,0.0,2021-04-29,588
0.15129533,0.0,2021-04-29,588
0.15148465,0.0,2021-04-29,588
0.16520844,0.0,2021-04-29,588
0.7640584,0.0,2021-05-14,525
0.7582846,0.0,2021-05-14,525
0.7517679,0.0,2021-05-14,525
0.77047575,0.0,2021-05-14,525
0.77950084,0.0,2021-05-14,525
0.78258777,0.0,2021-05-14,525
0.7825568,0.0,2021-05-14,525
0.8285218,0.0,2021-05-14,525
0.778744,0.0,2021-05-14,525
0.7552826,0.0,2021-05-14,525
0.7665522,0.0,2021-05-14,526
0.80684197,0.0,2021-05-14,526
0.81801426,0.0,2021-05-14,526
0.7984349,0.0,2021-05-14,526
0.7847769,0.0,2021-05-14,526
0.77918595,0.0,2021-05-14,526
0.7849411,0.0,2021-05-14,526
0.751693,0.0,2021-05-14,526
0.77364945,0.0,2021-05-14,526
0.7589769,0.0,2021-05-14,526
0.7727057,0.0,2021-05-14,527
0.79593766,0.0,2021-05-14,527
0.8532302,0.0,2021-05-14,527
0.84401476,0.0,2021-05-14,527
0.8138889,0.0,2021-05-14,527
0.8300422,0.0,2021-05-14,527
0.8316074,0.0,2021-05-14,527
0.8253417,0.0,2021-05-14,527
0.8134191,0.0,2021-05-14,527
0.7539044,0.0,2021-05-14,527
0.74289185,0.0,2021-05-14,528
0.7453294,0.0,2021-05-14,528
0.7384049,0.0,2021-05-14,528
0.7241379,0.0,2021-05-14,528
0.70802194,0.0,2021-05-14,528
0.7283338,0.0,2021-05-14,528
0.72869736,0.0,2021-05-14,528
0.7179935,0.0,2021-05-14,528
0.728988,0.0,2021-05-14,528
0.73637265,0.0,2021-05-14,528
0.24085365,33.12526,2021-05-14,529
0.25176233,31.857979,2021-05-14,529
0.23647295,31.145376,2021-05-14,529
0.23945095,29.19461,2021-05-14,529
0.24668705,29.561258,2021-05-14,529
0.24338086,35.479015,2021-05-14,529
0.22244692,28.268864,2021-05-14,529
0.22993062,28.515158,2021-05-14,529
0.24237727,31.633753,2021-05-14,529
0.23959391,30.893574,2021-05-14,529
0.2451848,30.811867,2021-05-14,585
0.22346939,30.270172,2021-05-14,585
0.24113111,28.47956,2021-05-14,585
0.23742455,30.49215,2021-05-14,585
0.25316456,30.22824,2021-05-14,585
0.23290488,28.76283,2021-05-14,585
0.24948241,32.476036,2021-05-14,585
0.2503888,32.19307,2021-05-14,585
0.25065964,28.56315,2021-05-14,585
0.24042879,29.62762,2021-05-14,585
0.8687976,0.0,2021-05-14,586
0.84761906,0.0,2021-05-14,586
0.85114807,0.0,2021-05-14,586
0.6716259,0.0,2021-05-14,586
0.8686792,0.0,2021-05-14,586
0.8659558,0.0,2021-05-14,586
0.8595753,0.0,2021-05-14,586
0.861205,0.0,2021-05-14,586
0.8696296,0.0,2021-05-14,586
0.81076235,0.0,2021-05-14,586
0.185567,21.034904,2021-05-14,587
0.25129655,34.896175,2021-05-14,587
0.18203767,16.799232,2021-05-14,587
0.17580341,11.160142,2021-05-14,587
0.18690702,16.304073,2021-05-14,587
0.18273382,14.379956,2021-05-14,587
0.18522027,16.304073,2021-05-14,587
0.18457831,12.4640875,2021-05-14,587
0.19694072,15.865107,2021-05-14,587
0.17720306,15.010648,2021-05-14,587
0.16137685,10.135112,2021-05-14,588
0.16906475,11.942504,2021-05-14,588
0.17539863,10.852548,2021-05-14,588
0.16233183,11.056398,2021-05-14,588
0.16472694,12.630419,2021-05-14,588
0.162378,10.281711,2021-05-14,588
0.16247755,11.170679,2021-05-14,588
0.16501352,9.8873625,2021-05-14,588
0.15261757,12.183082,2021-05-14,588
0.15880218,13.280962,2021-05-14,588
0.5844843,0.0,2021-05-29,525
0.58382875,0.0,2021-05-29,525
0.5964179,0.0,2021-05-29,525
0.5689866,0.0,2021-05-29,525
0.5828221,0.0,2021-05-29,525
0.58554214,0.0,2021-05-29,525
0.57361025,0.0,2021-05-29,525
0.62901306,0.0,2021-05-29,525
0.5678271,0.0,2021-05-29,525
0.57938886,0.0,2021-05-29,525
0.60547453,0.0,2021-05-29,526
0.62775266,0.0,2021-05-29,526
0.6299401,0.0,2021-05-29,526
0.6171516,0.0,2021-05-29,526
0.5942029,0.0,2021-05-29,526
0.5834874,0.0,2021-05-29,526
0.58709294,0.0,2021-05-29,526
0.57888347,0.0,2021-05-29,526
0.5837563,0.0,2021-05-29,526
0.56869775,0.0,2021-05-29,526
0.65735674,0.0,2021-05-29,527
0.6496648,0.0,2021-05-29,527
0.63392055,0.0,2021-05-29,527
0.6796803,0.0,2021-05-29,527
0.65180725,0.0,2021-05-29,527
0.6323086,0.0,2021-05-29,527
0.6639017,0.0,2021-05-29,527
0.6283406,0.0,2021-05-29,527
0.63909334,0.0,2021-05-29,527
0.6369336,0.0,2021-05-29,527
0.6494728,0.0,2021-05-29,528
0.65809035,0.0,2021-05-29,528
0.6717428,0.0,2021-05-29,528
0.6582064,0.0,2021-05-29,528
0.6281578,0.0,2021-05-29,528
0.64672685,0.0,2021-05-29,528
0.65336376,0.0,2021-05-29,528
0.67125595,0.0,2021-05-29,528
0.6523728,0.0,2021-05-29,528
0.65909743,0.0,2021-05-29,528
0.49619687,0.0,2021-05-29,529
0.50044364,0.0,2021-05-29,529
0.49418083,0.0,2021-05-29,529
0.4886008,0.0,2021-05-29,529
0.50022393,0.0,2021-05-29,529
0.5051271,0.0,2021-05-29,529
0.48624668,0.0,2021-05-29,529
0.49956408,0.0,2021-05-29,529
0.51361,0.0,2021-05-29,529
0.48320645,0.0,2021-05-29,529
0.45323092,0.0,2021-05-29,585
0.44824523,0.0,2021-05-29,585
0.490991,0.0,2021-05-29,585
0.5017762,0.0,2021-05-29,585
0.51294863,0.0,2021-05-29,585
0.45560017,0.0,2021-05-29,585
0.4990942,0.0,2021-05-29,585
0.48581883,0.0,2021-05-29,585
0.48618785,0.0,2021-05-29,585
0.489228,0.0,2021-05-29,585
0.6759966,0.0,2021-05-29,586
0.7626606,0.0,2021-05-29,586
0.7448104,0.0,2021-05-29,586
0.74980736,0.0,2021-05-29,586
0.80491436,0.0,2021-05-29,586
0.8177364,0.0,2021-05-29,586
0.7663848,0.0,2021-05-29,586
0.69690204,0.0,2021-05-29,586
0.83707863,0.0,2021-05-29,586
0.63219744,0.0,2021-05-29,586
0.44263664,0.0,2021-05-29,587
0.43317372,0.0,2021-05-29,587
0.47484145,0.0,2021-05-29,587
0.43677205,0.0,2021-05-29,587
0.46131325,0.0,2021-05-29,587
0.4310704,0.0,2021-05-29,587
0.45085028,0.0,2021-05-29,587
0.46892178,0.0,2021-05-29,587
0.43708053,0.0,2021-05-29,587
0.42502072,0.0,2021-05-29,587
0.35194653,0.0,2021-05-29,588
0.4336426,0.0,2021-05-29,588
0.4293901,0.0,2021-05-29,588
0.362249,0.0,2021-05-29,588
0.4262561,0.0,2021-05-29,588
0.39282805,0.0,2021-05-29,588
0.44167337,0.0,2021-05-29,588
0.43422115,0.0,2021-05-29,588
0.3747511,0.0,2021-05-29,588
0.36591375,0.0,2021-05-29,588
0.1493418,63.8284,2021-07-08,525
0.14801444,60.275906,2021-07-08,525
0.15349682,62.448376,2021-07-08,525
0.15055315,70.99171,2021-07-08,525
0.16508539,72.704445,2021-07-08,525
0.15331808,61.731327,2021-07-08,525
0.1588694,70.9909,2021-07-08,525
0.18167621,78.55765,2021-07-08,525
0.15392157,75.01972,2021-07-08,525
0.1500228,62.44095,2021-07-08,525
0.15827665,67.324585,2021-07-08,526
0.21666667,86.08429,2021-07-08,526
0.19391261,86.283035,2021-07-08,526
0.17181467,77.85715,2021-07-08,526
0.15998112,72.69184,2021-07-08,526
0.17559524,78.370514,2021-07-08,526
0.14863594,73.58163,2021-07-08,526
0.17050259,69.144135,2021-07-08,526
0.17641553,70.10176,2021-07-08,526
0.1498662,63.386448,2021-07-08,526
0.14107142,64.04881,2021-07-08,527
0.15249267,66.33411,2021-07-08,527
0.17951669,73.80917,2021-07-08,527
0.2,84.161766,2021-07-08,527
0.1543895,73.25293,2021-07-08,527
0.16947368,69.48952,2021-07-08,527
0.18131031,83.758804,2021-07-08,527
0.1636953,81.322136,2021-07-08,527
0.14977308,73.20677,2021-07-08,527
0.13525699,56.635685,2021-07-08,527
0.13823164,58.984592,2021-07-08,528
0.13925049,59.3722,2021-07-08,528
0.13823643,63.26355,2021-07-08,528
0.13771452,64.463974,2021-07-08,528
0.1352657,57.371502,2021-07-08,528
0.13457076,54.93415,2021-07-08,528
0.13739838,59.16238,2021-07-08,528
0.14432177,61.021423,2021-07-08,528
0.14179413,58.631264,2021-07-08,528
0.13937008,57.91139,2021-07-08,528
0.29465508,70.4366,2021-07-08,529
0.28363636,68.32118,2021-07-08,529
0.2505583,67.332924,2021-07-08,529
0.2924317,72.71676,2021-07-08,529
0.2921551,68.38804,2021-07-08,529
0.29466358,68.739784,2021-07-08,529
0.2682927,71.43438,2021-07-08,529
0.26463914,65.02432,2021-07-08,529
0.2587477,68.76761,2021-07-08,529
0.26651686,64.391495,2021-07-08,529
0.27559766,59.630436,2021-07-08,585
0.28389445,63.149002,2021-07-08,585
0.26344085,61.397606,2021-07-08,585
0.29848078,72.35435,2021-07-08,585
0.2804878,68.04197,2021-07-08,585
0.26833633,61.60342,2021-07-08,585
0.2739789,68.10888,2021-07-08,585
0.26862302,67.0788,2021-07-08,585
0.27685186,65.61862,2021-07-08,585
0.24841915,60.21023,2021-07-08,585
0.21818182,74.791725,2021-07-08,586
0.16666667,62.28983,2021-07-08,586
0.19032598,83.36896,2021-07-08,586
0.6946805,0.0,2021-07-08,586
0.18474492,83.64618,2021-07-08,586
0.19150944,84.410095,2021-07-08,586
0.18204002,83.64618,2021-07-08,586
0.18724158,79.86793,2021-07-08,586
0.20282353,95.47787,2021-07-08,586
0.15617716,65.6806,2021-07-08,586
0.64040625,0.0,2021-07-08,587
0.41727838,0.0,2021-07-08,587
0.6947917,0.0,2021-07-08,587
0.63488626,0.0,2021-07-08,587
0.7055527,0.0,2021-07-08,587
0.73995984,0.0,2021-07-08,587
0.7132561,0.0,2021-07-08,587
0.677095,0.0,2021-07-08,587
0.7221374,0.0,2021-07-08,587
0.6478054,0.0,2021-07-08,587
0.6526472,0.0,2021-07-08,588
0.68338144,0.0,2021-07-08,588
0.6236324,0.0,2021-07-08,588
0.67348,0.0,2021-07-08,588
0.6365127,0.0,2021-07-08,588
0.6691489,0.0,2021-07-08,588
0.6453282,0.0,2021-07-08,588
0.61358124,0.0,2021-07-08,588
0.6591996,0.0,2021-07-08,588
0.6702955,0.0,2021-07-08,588
0.14885496,75.0688,2021-07-13,525
0.15799433,74.30099,2021-07-13,525
0.1563981,76.01912,2021-07-13,525
0.1529295,83.14132,2021-07-13,525
0.15826613,83.730064,2021-07-13,525
0.14777619,75.122284,2021-07-13,525
0.15284716,83.72303,2021-07-13,525
0.18332443,86.89249,2021-07-13,525
0.16016015,86.47082,2021-07-13,525
0.14634146,75.79581,2021-07-13,525
0.16461684,78.21568,2021-07-13,526
0.1956067,95.05009,2021-07-13,526
0.17415446,93.94302,2021-07-13,526
0.17177914,87.74097,2021-07-13,526
0.160221,83.35019,2021-07-13,526
0.1688708,86.65452,2021-07-13,526
0.15350662,82.49653,2021-07-13,526
0.16384727,83.665596,2021-07-13,526
0.16802298,83.959946,2021-07-13,526
0.15639375,77.04088,2021-07-13,526
0.14032634,77.89587,2021-07-13,527
0.14847592,72.98008,2021-07-13,527
0.17090479,82.73076,2021-07-13,527
0.19377163,98.12116,2021-07-13,527
0.1473851,84.365234,2021-07-13,527
0.16226415,81.75227,2021-07-13,527
0.15889831,87.491486,2021-07-13,527
0.15925717,90.68358,2021-07-13,527
0.15576822,86.26063,2021-07-13,527
0.13165538,73.77054,2021-07-13,527
0.14349376,72.636986,2021-07-13,528
0.13579212,69.27151,2021-07-13,528
0.14143509,73.840805,2021-07-13,528
0.13675958,78.13082,2021-07-13,528
0.1287463,70.973495,2021-07-13,528
0.13405496,70.011284,2021-07-13,528
0.14421007,71.70739,2021-07-13,528
0.1391341,72.83643,2021-07-13,528
0.13814075,71.28201,2021-07-13,528
0.13752122,69.5675,2021-07-13,528
0.22953737,81.121056,2021-07-13,529
0.21931767,78.38352,2021-07-13,529
0.20536101,79.946304,2021-07-13,529
0.2226087,80.277504,2021-07-13,529
0.2186818,80.497635,2021-07-13,529
0.22407733,81.4507,2021-07-13,529
0.20500648,81.52393,2021-07-13,529
0.20207702,75.79233,2021-07-13,529
0.19505738,75.15587,2021-07-13,529
0.2089232,79.1537,2021-07-13,529
0.20156386,74.93637,2021-07-13,585
0.20154044,72.76243,2021-07-13,585
0.19346517,73.49177,2021-07-13,585
0.19756839,78.41618,2021-07-13,585
0.19641256,78.65266,2021-07-13,585
0.18814433,71.599625,2021-07-13,585
0.19217391,77.34978,2021-07-13,585
0.19706771,78.77145,2021-07-13,585
0.19823788,79.12008,2021-07-13,585
0.19130805,75.597855,2021-07-13,585
0.18125771,85.74257,2021-07-13,586
0.15113471,81.68559,2021-07-13,586
0.17859036,93.08702,2021-07-13,586
0.5578069,0.0,2021-07-13,586
0.17788945,94.77474,2021-07-13,586
0.18365385,99.121925,2021-07-13,586
0.17237903,94.77474,2021-07-13,586
0.17338003,90.23683,2021-07-13,586
0.18558207,100.0,2021-07-13,586
0.16434263,74.25074,2021-07-13,586
0.4191523,0.0,2021-07-13,587
0.30074388,0.0,2021-07-13,587
0.4443288,0.0,2021-07-13,587
0.42634854,0.0,2021-07-13,587
0.452762,0.0,2021-07-13,587
0.47589743,0.0,2021-07-13,587
0.4379292,0.0,2021-07-13,587
0.45570293,0.0,2021-07-13,587
0.47276464,0.0,2021-07-13,587
0.4262295,0.0,2021-07-13,587
0.45935357,0.0,2021-07-13,588
0.45333335,0.0,2021-07-13,588
0.41508466,0.0,2021-07-13,588
0.42686567,0.0,2021-07-13,588
0.4247284,0.0,2021-07-13,588
0.44929007,0.0,2021-07-13,588
0.41748577,0.0,2021-07-13,588
0.40392563,0.0,2021-07-13,588
0.46705997,0.0,2021-07-13,588
0.45179203,0.0,2021-07-13,588
0.16266899,73.70959,2021-07-18,525
0.14878893,69.811516,2021-07-18,525
0.15497835,73.44247,2021-07-18,525
0.16240875,81.356186,2021-07-18,525
0.16783544,83.20908,2021-07-18,525
0.15775636,74.27196,2021-07-18,525
0.16582915,84.70994,2021-07-18,525
0.1910569,89.55337,2021-07-18,525
0.17657992,85.108864,2021-07-18,525
0.15170279,75.91326,2021-07-18,525
0.16357206,79.73517,2021-07-18,526
0.2033983,98.80298,2021-07-18,526
0.18412243,95.15001,2021-07-18,526
0.16928945,91.75024,2021-07-18,526
0.1582397,87.57184,2021-07-18,526
0.1849711,90.95231,2021-07-18,526
0.160037,84.13669,2021-07-18,526
0.18065694,81.441025,2021-07-18,526
0.1736581,82.30246,2021-07-18,526
0.15730338,76.390465,2021-07-18,526
0.16059028,78.218765,2021-07-18,527
0.16199525,77.436066,2021-07-18,527
0.18728717,89.893875,2021-07-18,527
0.21614152,97.885765,2021-07-18,527
0.1641791,85.2943,2021-07-18,527
0.18373813,84.24343,2021-07-18,527
0.19939728,94.63139,2021-07-18,527
0.18541996,95.93021,2021-07-18,527
0.1641791,87.254616,2021-07-18,527
0.1408574,71.59496,2021-07-18,527
0.14781906,71.27281,2021-07-18,528
0.1440877,72.15548,2021-07-18,528
0.14864348,72.96911,2021-07-18,528
0.14227477,79.317566,2021-07-18,528
0.1375931,69.10722,2021-07-18,528
0.14449105,71.61563,2021-07-18,528
0.1492891,74.47952,2021-07-18,528
0.15417147,74.80419,2021-07-18,528
0.14251305,71.584854,2021-07-18,528
0.15384616,69.70558,2021-07-18,528
0.21016692,68.279015,2021-07-18,529
0.1996957,69.026596,2021-07-18,529
0.18562874,67.94057,2021-07-18,529
0.18935362,66.323105,2021-07-18,529
0.19410682,67.31676,2021-07-18,529
0.19544592,68.95556,2021-07-18,529
0.19369715,65.24034,2021-07-18,529
0.19071184,64.243225,2021-07-18,529
0.19382763,65.92585,2021-07-18,529
0.193366,67.27156,2021-07-18,529
0.14170507,0.0,2021-07-18,585
0.1322691,0.0,2021-07-18,585
0.1423445,0.0,2021-07-18,585
0.14134276,0.0,2021-07-18,585
0.14179567,0.0,2021-07-18,585
0.14097181,0.0,2021-07-18,585
0.14878483,0.0,2021-07-18,585
0.14621256,0.0,2021-07-18,585
0.14634146,0.0,2021-07-18,585
0.14439784,0.0,2021-07-18,585
0.22344323,91.52811,2021-07-18,586
0.1746466,79.756294,2021-07-18,586
0.21533613,100.0,2021-07-18,586
0.63822526,0.0,2021-07-18,586
0.20810677,100.0,2021-07-18,586
0.19522673,96.642815,2021-07-18,586
0.19263315,100.0,2021-07-18,586
0.20792079,95.210594,2021-07-18,586
0.21851145,100.0,2021-07-18,586
0.15712988,86.15135,2021-07-18,586
0.30322582,0.0,2021-07-18,587
0.23318158,76.6823,2021-07-18,587
0.37206823,0.0,2021-07-18,587
0.3304904,0.0,2021-07-18,587
0.35418877,0.0,2021-07-18,587
0.37732837,0.0,2021-07-18,587
0.35733476,0.0,2021-07-18,587
0.37724552,0.0,2021-07-18,587
0.37845156,0.0,2021-07-18,587
0.34070563,0.0,2021-07-18,587
0.3662389,0.0,2021-07-18,588
0.3482917,0.0,2021-07-18,588
0.35419926,0.0,2021-07-18,588
0.35816327,0.0,2021-07-18,588
0.3281493,0.0,2021-07-18,588
0.35135135,0.0,2021-07-18,588
0.31337118,0.0,2021-07-18,588
0.3498708,0.0,2021-07-18,588
0.3872426,0.0,2021-07-18,588
0.35400516,0.0,2021-07-18,588
0.1573604,76.529945,2021-08-07,525
0.15853658,70.27311,2021-08-07,525
0.154513,73.41519,2021-08-07,525
0.16858639,84.96821,2021-08-07,525
0.1636759,82.46283,2021-08-07,525
0.16445352,72.930145,2021-08-07,525
0.15012987,87.30644,2021-08-07,525
0.18104906,92.122025,2021-08-07,525
0.17702845,86.24132,2021-08-07,525
0.15209702,74.74578,2021-08-07,525
0.16012084,78.57692,2021-08-07,526
0.18781163,93.79697,2021-08-07,526
0.17855228,95.773026,2021-08-07,526
0.16594361,94.13835,2021-08-07,526
0.1683701,86.27308,2021-08-07,526
0.16873315,90.916695,2021-08-07,526
0.15673982,86.212166,2021-08-07,526
0.17901234,80.30456,2021-08-07,526
0.17085685,83.34534,2021-08-07,526
0.15685305,78.23766,2021-08-07,526
0.1437186,82.70304,2021-08-07,527
0.15889831,75.90795,2021-08-07,527
0.18057285,95.45462,2021-08-07,527
0.19321623,100.0,2021-08-07,527
0.14860335,89.43703,2021-08-07,527
0.16839677,88.241844,2021-08-07,527
0.17522322,98.74968,2021-08-07,527
0.16744731,100.0,2021-08-07,527
0.16591422,94.908585,2021-08-07,527
0.12418301,71.12924,2021-08-07,527
0.14067715,70.040405,2021-08-07,528
0.14061055,70.70913,2021-08-07,528
0.14736368,74.324646,2021-08-07,528
0.14626013,77.95664,2021-08-07,528
0.15310344,67.14075,2021-08-07,528
0.1420839,73.17662,2021-08-07,528
0.13498366,72.45735,2021-08-07,528
0.14986125,75.403824,2021-08-07,528
0.13485767,69.38076,2021-08-07,528
0.14963503,70.09381,2021-08-07,528
0.12219731,3.0219603,2021-08-07,529
0.11820728,2.9592013,2021-08-07,529
0.11359821,2.3086965,2021-08-07,529
0.116488464,0.0,2021-08-07,529
0.113483146,0.0,2021-08-07,529
0.11085844,1.0620314,2021-08-07,529
0.11011738,0.0,2021-08-07,529
0.10511833,2.0216966,2021-08-07,529
0.11261261,0.25903362,2021-08-07,529
0.102477476,2.4791028,2021-08-07,529
0.11488863,5.296256,2021-08-07,585
0.11313246,3.325196,2021-08-07,585
0.116197184,1.3921839,2021-08-07,585
0.10492754,1.0588095,2021-08-07,585
0.11591592,4.815831,2021-08-07,585
0.1120283,2.8244984,2021-08-07,585
0.11162791,3.294437,2021-08-07,585
0.11799066,4.348834,2021-08-07,585
0.12515043,1.8452445,2021-08-07,585
0.106132075,2.4665966,2021-08-07,585
0.19839679,97.63836,2021-08-07,586
0.1664888,87.40207,2021-08-07,586
0.18646081,99.952545,2021-08-07,586
0.4817683,0.0,2021-08-07,586
0.2077185,100.0,2021-08-07,586
0.18522543,98.26992,2021-08-07,586
0.18964547,100.0,2021-08-07,586
0.18055555,95.33786,2021-08-07,586
0.23034634,100.0,2021-08-07,586
0.15192507,84.3688,2021-08-07,586
0.17078528,52.391987,2021-08-07,587
0.16588664,55.90738,2021-08-07,587
0.17594154,54.167973,2021-08-07,587
0.1780822,48.60797,2021-08-07,587
0.17425083,54.885838,2021-08-07,587
0.1748879,52.832436,2021-08-07,587
0.1799117,54.885838,2021-08-07,587
0.1796034,49.928185,2021-08-07,587
0.16972733,56.45603,2021-08-07,587
0.1640667,50.97058,2021-08-07,587
0.20764203,50.353565,2021-08-07,588
0.17597023,48.50335,2021-08-07,588
0.17017828,46.20495,2021-08-07,588
0.17825405,50.037853,2021-08-07,588
0.168,45.790024,2021-08-07,588
0.1651715,48.314983,2021-08-07,588
0.17223105,46.173897,2021-08-07,588
0.18463181,48.79495,2021-08-07,588
0.18010472,50.356396,2021-08-07,588
0.1663113,47.36936,2021-08-07,588
0.15854284,73.54144,2021-08-27,525
0.13833588,66.12561,2021-08-27,525
0.15697375,72.54558,2021-08-27,525
0.15896885,80.01987,2021-08-27,525
0.15343347,82.81997,2021-08-27,525
0.16175711,72.000656,2021-08-27,525
0.16782099,84.30775,2021-08-27,525
0.1943662,92.44799,2021-08-27,525
0.19068256,84.32727,2021-08-27,525
0.15778582,76.47979,2021-08-27,525
0.15384616,77.42235,2021-08-27,526
0.1854793,96.30252,2021-08-27,526
0.17909636,95.14783,2021-08-27,526
0.16593887,89.880585,2021-08-27,526
0.16666667,80.937935,2021-08-27,526
0.16974972,87.99544,2021-08-27,526
0.16087654,81.93382,2021-08-27,526
0.17216118,76.65149,2021-08-27,526
0.1680498,77.812996,2021-08-27,526
0.16086066,75.05623,2021-08-27,526
0.14256305,79.80927,2021-08-27,527
0.15864332,77.34978,2021-08-27,527
0.1863354,98.53497,2021-08-27,527
0.19478981,100.0,2021-08-27,527
0.16815145,87.42392,2021-08-27,527
0.16863208,83.63352,2021-08-27,527
0.16063349,100.0,2021-08-27,527
0.16783217,100.0,2021-08-27,527
0.15819208,92.9427,2021-08-27,527
0.13571429,71.515465,2021-08-27,527
0.13148957,65.681076,2021-08-27,528
0.13904762,69.16466,2021-08-27,528
0.15276477,70.55278,2021-08-27,528
0.1563745,73.81471,2021-08-27,528
0.15380976,67.28926,2021-08-27,528
0.14965035,65.85245,2021-08-27,528
0.1431344,65.53061,2021-08-27,528
0.15108593,70.809265,2021-08-27,528
0.13607748,69.995384,2021-08-27,528
0.15249406,70.70913,2021-08-27,528
0.12709573,0.0,2021-08-27,529
0.12163617,0.0,2021-08-27,529
0.116353884,0.0,2021-08-27,529
0.12371691,0.0,2021-08-27,529
0.13048245,0.0,2021-08-27,529
0.118101545,0.0,2021-08-27,529
0.11853448,0.0,2021-08-27,529
0.12480253,0.0,2021-08-27,529
0.11392405,0.0,2021-08-27,529
0.12021563,0.0,2021-08-27,529
0.118303575,0.0,2021-08-27,585
0.12946428,0.0,2021-08-27,585
0.12584269,0.0,2021-08-27,585
0.1196868,0.0,2021-08-27,585
0.12817553,0.0,2021-08-27,585
0.12756264,0.0,2021-08-27,585
0.12725225,0.0,2021-08-27,585
0.12094065,0.0,2021-08-27,585
0.12252042,0.0,2021-08-27,585
0.12013537,0.0,2021-08-27,585
0.19869281,100.0,2021-08-27,586
0.19417475,91.65024,2021-08-27,586
0.206235,100.0,2021-08-27,586
0.46108568,0.0,2021-08-27,586
0.20608108,100.0,2021-08-27,586
0.19280495,100.0,2021-08-27,586
0.18330513,100.0,2021-08-27,586
0.18746002,100.0,2021-08-27,586
0.24312185,100.0,2021-08-27,586
0.15970773,86.58358,2021-08-27,586
0.1601183,61.32104,2021-08-27,587
0.16991644,63.158752,2021-08-27,587
0.15079726,58.048588,2021-08-27,587
0.15832205,58.28069,2021-08-27,587
0.15683705,65.18957,2021-08-27,587
0.16192171,64.26091,2021-08-27,587
0.16760017,65.18957,2021-08-27,587
0.1585903,59.13733,2021-08-27,587
0.16450216,67.10798,2021-08-27,587
0.1585903,57.04962,2021-08-27,587
0.1692581,56.77433,2021-08-27,588
0.15357459,56.60182,2021-08-27,588
0.15817936,55.1727,2021-08-27,588
0.16542995,59.22763,2021-08-27,588
0.15161987,56.167747,2021-08-27,588
0.15708154,55.59241,2021-08-27,588
0.15779983,52.064022,2021-08-27,588
0.16156828,61.13538,2021-08-27,588
0.15582715,61.161125,2021-08-27,588
0.14929329,53.27887,2021-08-27,588
0.21750158,76.65369,2021-09-21,525
0.19503106,63.971256,2021-09-21,525
0.19170333,71.306946,2021-09-21,525
0.20278834,84.84134,2021-09-21,525
0.22564103,83.86581,2021-09-21,525
0.21772152,75.21745,2021-09-21,525
0.20638977,88.8971,2021-09-21,525
0.27164572,100.0,2021-09-21,525
0.25575447,92.505684,2021-09-21,525
0.2,72.033165,2021-09-21,525
0.19852035,77.8718,2021-09-21,526
0.2557823,99.608765,2021-09-21,526
0.2462638,100.0,2021-09-21,526
0.20502645,90.58194,2021-09-21,526
0.20742637,89.84875,2021-09-21,526
0.22042663,94.89476,2021-09-21,526
0.1881824,84.971634,2021-09-21,526
0.20906802,79.20602,2021-09-21,526
0.20804526,79.44636,2021-09-21,526
0.18563603,78.432686,2021-09-21,526
0.17391305,83.475525,2021-09-21,527
0.1981747,79.83834,2021-09-21,527
0.25641027,100.0,2021-09-21,527
0.2512178,100.0,2021-09-21,527
0.2073922,91.81498,2021-09-21,527
0.23012552,93.40599,2021-09-21,527
0.22002634,100.0,2021-09-21,527
0.23268698,100.0,2021-09-21,527
0.20245399,97.73792,2021-09-21,527
0.16377172,74.541466,2021-09-21,527
0.15827775,64.30307,2021-09-21,528
0.15623172,65.1871,2021-09-21,528
0.17204933,63.59872,2021-09-21,528
0.17555423,77.632,2021-09-21,528
0.17433277,63.151283,2021-09-21,528
0.17058824,62.50861,2021-09-21,528
0.16745283,65.89442,2021-09-21,528
0.17378917,70.64665,2021-09-21,528
0.16618747,69.612404,2021-09-21,528
0.17511521,66.00568,2021-09-21,528
0.106806286,3.4199743,2021-09-21,529
0.11051789,7.4384375,2021-09-21,529
0.10683761,7.8834124,2021-09-21,529
0.110042736,4.604777,2021-09-21,529
0.11335817,6.731702,2021-09-21,529
0.119571045,4.5933385,2021-09-21,529
0.11556728,4.4809356,2021-09-21,529
0.10330993,3.3129873,2021-09-21,529
0.11681508,4.6503625,2021-09-21,529
0.11510032,5.5021524,2021-09-21,529
0.11555076,4.5556927,2021-09-21,585
0.114016734,4.6674657,2021-09-21,585
0.11328976,2.8801773,2021-09-21,585
0.11196068,6.3905654,2021-09-21,585
0.105960265,5.7360897,2021-09-21,585
0.09733551,4.4530854,2021-09-21,585
0.11366006,5.4880548,2021-09-21,585
0.11524164,6.573013,2021-09-21,585
0.12350598,7.7280674,2021-09-21,585
0.109179795,4.990933,2021-09-21,585
0.25779468,100.0,2021-09-21,586
0.22098765,81.77844,2021-09-21,586
0.25697923,100.0,2021-09-21,586
0.47287366,0.0,2021-09-21,586
0.26558265,100.0,2021-09-21,586
0.24696356,100.0,2021-09-21,586
0.23842917,100.0,2021-09-21,586
0.25337332,100.0,2021-09-21,586
0.309662,0.0,2021-09-21,586
0.17945383,81.02669,2021-09-21,586
0.14056225,26.649986,2021-09-21,587
0.14567615,36.14178,2021-09-21,587
0.15201901,25.059422,2021-09-21,587
0.14251497,24.744083,2021-09-21,587
0.1371199,29.710573,2021-09-21,587
0.13615024,28.746313,2021-09-21,587
0.14879282,29.710573,2021-09-21,587
0.1496063,21.77889,2021-09-21,587
0.14972067,31.445055,2021-09-21,587
0.13641618,24.796389,2021-09-21,587
0.13793103,24.073696,2021-09-21,588
0.13266444,21.859716,2021-09-21,588
0.13803495,25.417933,2021-09-21,588
0.1347181,24.837193,2021-09-21,588
0.13685407,19.180405,2021-09-21,588
0.14234234,22.747877,2021-09-21,588
0.13506965,19.22354,2021-09-21,588
0.14704087,23.137688,2021-09-21,588
0.14746268,23.617939,2021-09-21,588
0.1359338,21.723215,2021-09-21,588
