Год,GPS №,Тип обработки,Глубина,повторность,"рН солевой вытяжки, ед. рН","рН водной вытяжки, ед. рН","Фосфор (подвижная форма), мг/кг","Калий (подвижная форма), млн-1","Общий азот, %","Общий углерод, %","М.д. содержания  гипса (по Хитрову), %","Массовая доля иона хлорида, ммоль/100 г","Массовая доля иона сульфата, ммоль/100 г","Массовая доля магния (водорастворимая форма), ммоль/100 г почвы","Массовая доля кальция (водорастворимая форма), ммоль/100 г почвы","Массовая доля натрия (водорастворимая форма), мг•экв на 100 г почвы","Массовая доля калия (водорастворимая форма), мг•экв на 100 г почвы","Сумма поглощенных оснований по Каппену, ммоль/100 г","Массовая доля плотного остатка водной вытяжки, %","Карбонат и бикарбонат-ионы, ммоль/100 г","Массовая доля общего содержания карбонатов (по Козловскому), % (CO2)","Массовая доля общего содержания карбонатов (по Козловскому), %(CaCO3)","Органический углерод, %"
2021,584,ТТ,0-10,[0],6.69,8.73,23.4,366.273656,0.13,1.6971,0.6573333333333333,0.173410404624278,0.1944444444444444,0.0930708333333333,0.3689475,3.1078750000000015e-05,0.0005518109999999,24.700000000000003,0.0900000000000034,0.03355,1.309,2.976666,1.3401
2021,584,ТТ,10-20,[0],6.73,8.71,21.0,332.802456,0.13,1.6696,1.1933333333333336,0.2167630057803469,0.1388888888888889,0.0925041666666666,0.3339974999999999,2.915250000000001e-05,0.00051909,24.55,0.0679999999999836,0.0305,1.54,3.50196,1.2496
2021,584,ТТ,20-30,[0],6.81,8.91,12.6,283.751496,0.1,1.518,1.1957333333333338,0.1734104046242774,0.0888888888888889,0.0985833333333333,0.3924225,3.659300000000001e-05,0.0003024254999999,24.6,0.1139999999999474,0.02745,1.804,4.102296,1.026
2021,584,ТТ,30-40,[0],6.87,8.66,8.399999999999999,214.485376,0.09,1.4815,1.0586666666666669,0.3034682080924854,0.1666666666666666,0.1164583333333333,0.3415975,0.0001090085,0.0001919775,24.55,0.0580000000000779,0.03355,2.992,6.803808,0.6655000000000001
2021,584,ТТ,40-50,[0],6.87,8.77,7.399999999999999,200.28299199999995,0.08,1.4257,1.0613333333333337,0.1734104046242773,0.1111111111111111,0.1042958333333333,0.3160725,9.55305e-05,0.000149877,24.65,0.07000000000005,0.02745,2.398,5.453052,0.7716999999999999
2021,584,ТТ,50-70,[0],7.15,8.79,8.399999999999999,198.652776,0.06,1.3916,0.9266666666666667,0.2167630057803468,0.1388888888888889,0.1418041666666666,0.5612975000000001,0.000144808,0.0001640535,24.700000000000003,0.0759999999999649,0.0305,2.398,5.453052,0.7375999999999999
2021,584,ТТ,70-90,[0],7.2,8.74,8.2,194.930008,0.06,1.0273,1.0613333333333337,0.2167630057803468,0.1111111111111111,0.1343125,0.2621975,0.0001646915,0.0001962869999999,24.75,0.0681666666666676,0.03355,1.7379999999999998,3.952212,0.5533000000000001
2021,584,ТТ,90-110,[0],7.09,8.56,13.4,205.936976,0.07,0.7109,1.1920000000000004,0.1734104046242773,0.1666666666666666,0.1639749999999999,0.2815474999999999,0.000187795,0.000246909,24.85,0.0562500000000021,0.02745,1.342,3.051708,0.3449
2021,584,ТТ,110-130,[0],7.1,8.78,14.8,178.30999199999997,0.06,0.3286,1.0586666666666669,0.2167630057803468,0.1666666666666666,0.1419833333333333,0.235645,0.000128294,0.0001859325,24.4,0.0606000000000079,0.0244,0.7260000000000002,1.6509240000000005,0.13059999999999994
2021,584,ТТ,130-150,[0],7.16,8.75,19.0,165.258632,0.07,0.1966,0.9273333333333336,0.2384393063583815,0.125,0.1441104166666666,0.2190074999999999,0.00010797925,0.0001708589999999,24.71,0.0703333333333233,0.0244,0.6710000000000002,1.5258540000000005,0.013599999999999973
2021,584,ТТ,150-170,[0],7.23,8.97,16.4,164.931144,0.06,0.3039,0.66,0.3034682080924854,0.1388888888888889,0.1233041666666666,0.21422,0.000100832,0.000263055,23.95,0.055499999999995,0.0244,0.7039999999999998,1.6008959999999997,0.11190000000000003
2021,584,ТТ,170-190,[0],7.25,8.89,22.2,164.548272,0.06,0.2413,0.9253333333333332,0.2167630057803468,0.1666666666666666,0.1397416666666666,0.2173349999999999,0.0001516735,0.0002186729999999,22.75,0.0903333333333241,0.0244,0.5939999999999999,1.3507559999999996,0.07930000000000004
2021,584,ТТ,0-10,[1],7.18,8.55,23.6,339.881976,0.13,1.3921,0.5280000000000001,0.2601156069364161,0.1111111111111111,0.0984166666666666,0.3844725,8.15925e-05,0.0005178225,24.700000000000003,0.0681666666666676,0.03355,1.1879999999999995,2.7015119999999992,1.0681
2021,584,ТТ,10-20,[1],7.2,8.58,15.4,324.326296,0.13,1.4282,0.9266666666666667,0.1734104046242773,0.1388888888888889,0.0969374999999999,0.3580975,8.943550000000001e-05,0.0004550324999999,24.65,0.0681666666666676,0.03355,1.144,2.601456,1.1162
2021,584,ТТ,20-30,[1],7.24,8.63,11.8,267.112216,0.12,1.38,0.5280000000000001,0.1734104046242773,0.1111111111111111,0.0890874999999999,0.2794225,0.0001044085,0.0003089385,24.700000000000003,0.0562500000000021,0.0305,1.364,3.101736,1.0079999999999998
2021,584,ТТ,0-10,[2],7.32,8.68,13.0,242.478376,0.11,1.5871,0.2613333333333334,0.130057803468208,0.1111111111111111,0.1140208333333333,0.3936724999999999,0.0001076399999999,0.000280683,24.55,0.0606000000000079,0.03355,2.31,5.252939999999999,0.9571
2021,584,ТТ,10-20,[2],7.34,8.79,8.6,167.567904,0.07,1.7053,1.1880000000000004,0.2601156069364161,0.25,0.1267666666666666,0.3395225,0.0001230155,0.0001623374999999,24.6,0.1406666666666467,0.0305,2.794,6.353556,0.9433
2021,584,ТТ,20-30,[2],7.5,8.73,8.0,156.910096,0.07,1.7359,0.9266666666666667,0.2167630057803467,0.1388888888888889,0.1315833333333333,0.3387975,0.0001329745,0.0002244645,24.300000000000004,0.055499999999995,0.03965,2.64,6.003360000000001,1.0159
2021,584,ТТ,0-10,[3],7.43,8.36,19.2,290.277176,0.1,1.5447,0.9266666666666667,0.2601156069364161,0.1388888888888889,0.1111583333333333,0.4267725,0.000114057,0.0004640415,24.55,0.1806666666666482,0.04575,2.244,5.102855999999999,0.9326999999999999
2021,584,ТТ,10-20,[3],7.36,8.9,8.399999999999999,195.73187199999995,0.09,1.696,1.792666666666667,0.3251445086705202,0.1527777777777778,0.1260979166666666,0.341935,0.000148396,0.0002130862499999,24.55,0.1363333333333353,0.0327875,2.255,5.12787,1.081
2021,584,ТТ,20-30,[3],7.45,8.35,10.2,193.829552,0.09,1.658,0.8989696969696971,0.097543352601156,0.7159090909090909,0.1445083333333333,0.463625,0.0002027565,0.00023835825,24.500000000000004,0.2726666666666706,0.028975,2.4199999999999995,5.503079999999999,0.9980000000000001
2021,584,ТТ,0-10,[4],7.38,8.2,25.6,421.2482959999999,0.15,1.5607,0.903878787878788,0.1517341040462427,0.6136363636363636,0.1000666666666666,0.5916875,0.000154376,0.000828477,24.75,0.2250000000000085,0.0305,1.2099999999999995,2.751539999999999,1.2307000000000001
2021,584,ТТ,10-20,[4],7.36,8.39,16.799999999999997,317.511656,0.12,1.2664,1.0372121212121217,0.130057803468208,0.6136363636363636,0.0880249999999999,0.4201375,0.0001296395,0.0003937245,24.500000000000004,0.1818000000000239,0.02745,1.2759999999999998,2.9016239999999995,0.9184000000000001
2021,584,ТТ,20-30,[4],7.24,8.58,9.2,233.978136,0.09,1.1295,1.170545454545455,0.0867052023121387,0.613636363636364,0.0864958333333333,0.3869125,0.0001470045,0.0002297685,24.1,0.2109999999999701,0.0305,1.9799999999999995,4.502519999999999,0.5895
2021,585,ТТ,0-10,[0],7.24,,24.8,387.9215759999999,0.15,1.4779,1.8372121212121213,0.130057803468208,0.613636363636364,0.0951333333333333,0.4686625,0.0002208575,0.000811044,24.900000000000002,0.166499999999985,0.0305,0.9899999999999995,2.25126,1.2079
2021,585,ТТ,10-20,[0],7.23,8.26,17.4,355.052376,0.16,1.4757,0.7705454545454544,0.0867052023121386,0.613636363636364,0.0976083333333333,0.4457374999999999,0.000229379,0.000616941,24.800000000000004,0.2709999999999724,0.0305,0.7699999999999996,1.750979999999999,1.2657
2021,585,ТТ,20-30,[0],7.28,8.01,20.8,330.707496,0.17,1.5485,0.5038787878787879,0.1083815028901733,0.613636363636364,0.0995374999999999,0.4949624999999999,0.0005382919999999,0.0007592909999999,24.800000000000004,0.2045000000000029,0.0305,0.9239999999999998,2.101176,1.2965
2021,585,ТТ,30-40,[0],7.33,8.24,9.6,196.507248,0.14,1.6446,0.7705454545454544,0.0867052023121386,0.613636363636364,0.0920458333333333,0.5411125,0.0002112434999999,0.0002205644999999,24.55,0.2045000000000029,0.0305,1.892,4.302407999999999,1.1286
2021,585,ТТ,40-50,[0],7.41,8.25,9.4,158.973752,0.12,1.7463,0.903878787878788,0.1192196531791907,0.613636363636364,0.1130625,0.5810125,0.0002399934999999,0.0002758275,24.450000000000003,0.1687500000000064,0.022875,1.9799999999999995,4.502519999999999,1.2063000000000001
2021,585,ТТ,50-70,[0],7.47,8.41,8.799999999999999,143.69499199999998,0.13,1.5966,0.7661818181818181,0.2492774566473987,0.7045454545454546,0.1293166666666666,0.4465125,0.00025373025,0.00015220725,24.450000000000003,0.2424000000000319,0.02745,2.244,5.102855999999999,0.9845999999999999
2021,585,ТТ,70-90,[0],7.5,7.69,9.0,152.19764,0.12,1.632,1.303878787878788,0.065028901734104,0.6136363636363636,0.1637874999999999,0.4317874999999999,0.000302956,0.0001813695,24.65,0.2109999999999701,0.02745,2.244,5.102855999999999,1.0199999999999998
2021,585,ТТ,90-110,[0],7.45,8.03,6.2,133.769216,0.11,1.6653,1.170545454545455,0.130057803468208,0.6136363636363636,0.2014874999999999,0.3628625,0.0004474305,0.0002197259999999,24.450000000000003,0.166499999999985,0.02745,2.816,6.403584,0.8973
2021,585,ТТ,110-130,[0],7.68,8.29,6.800000000000001,124.137216,0.06,1.5149,1.5705454545454545,0.0867052023121387,0.613636363636364,0.2468083333333333,0.3159875,0.000490728,0.0002127255,24.65,0.1806666666666482,0.0305,2.684,6.103415999999999,0.7828999999999999
2021,585,ТТ,130-150,[0],7.97,8.6,6.800000000000001,115.959648,0.04,1.2139,2.103878787878788,0.065028901734104,0.613636363636364,0.2439833333333333,0.2267375,0.0004182549999999,0.0001782885,24.300000000000004,0.1363333333333353,0.0274,2.618,5.953332,0.4999
2021,585,ТТ,150-170,[0],8.01,8.75,8.0,112.819616,0.04,1.1534,1.5705454545454545,0.0433526011560693,0.613636363636364,0.2574125,0.19764,0.0006438735,0.0002107755,24.6,0.1363333333333353,0.0274,2.442,5.553107999999999,0.48739999999999994
2021,585,ТТ,170-190,[0],7.95,8.73,9.0,107.762816,0.05,1.0799,1.303878787878788,0.0867052023121386,0.613636363636364,0.2331083333333333,0.2123974999999999,0.000705134,0.0002589405,24.700000000000003,0.1125000000000042,0.03045,3.916,8.904983999999999,0.011900000000000244
2021,585,ТТ,0-10,[1],6.87,8.03,16.0,319.58253599999995,0.14,1.3374,1.5705454545454545,0.2384393063583814,0.613636363636364,0.1043958333333333,0.5815375000000002,0.0003029329999999,0.000757614,24.95,0.2424000000000319,0.02745,1.3199999999999996,3.001679999999999,0.9774
2021,585,ТТ,10-20,[1],6.96,8.16,12.2,231.218568,0.14,1.4004,1.4372121212121214,0.1734104046242774,0.613636363636364,0.0902208333333333,0.4502374999999999,0.0001913485,0.0003055065,24.95,0.2109999999999701,0.02745,1.3859999999999997,3.151763999999999,1.0224000000000002
2021,585,ТТ,20-30,[1],7.07,7.95,11.4,177.594816,0.13,1.571,1.303878787878788,0.130057803468208,0.613636363636364,0.0910958333333333,0.4499125,0.0001411855,0.0001785615,24.95,0.166499999999985,0.0305,2.772,6.303527999999998,0.8150000000000001
2021,585,ТТ,0-10,[2],,,27.4,409.400936,0.16,1.4592,1.6787878787878792,0.1192196531791907,1.1363636363636365,0.1020895833333333,0.5099375,0.00018132625,0.00082836975,,0.5419999999999447,0.028975,1.3969999999999996,3.176777999999999,1.0782000000000003
2021,585,ТТ,10-20,[2],7.12,7.96,7.8,267.064056,0.14,1.5442,1.318,0.1083815028901734,0.3194444444444445,0.09294375,0.4615625,0.0001400125,0.00035036625,24.95,0.1363333333333353,0.025925,1.7819999999999996,4.052267999999999,1.0582000000000003
2021,585,ТТ,20-30,[2],7.14,8.0,9.6,244.452936,0.15,1.5223,1.4533333333333334,0.065028901734104,0.2777777777777778,0.1014666666666666,0.4818624999999999,0.000162104,0.0003235245,24.900000000000002,0.1363333333333353,0.02745,2.288,5.202912,0.8983000000000001
2021,585,ТТ,0-10,[3],7.2,7.94,21.2,402.6344559999999,0.15,1.5589,1.324,0.065028901734104,0.1944444444444444,0.0905208333333333,0.4203625,0.0001378505,0.0006726915,24.95,0.0562500000000021,0.02745,1.3199999999999996,3.001679999999999,1.1989
2021,585,ТТ,10-20,[3],7.16,7.92,17.4,376.892936,0.16,1.5628,1.4546666666666668,0.0867052023121387,0.25,0.0827041666666666,0.3380625,0.0001162765,0.000571662,24.95,0.0606000000000079,0.0244,1.4079999999999997,3.201792,1.1788
2021,585,ТТ,20-30,[3],7.11,7.97,11.8,340.098696,0.15,1.5046,1.7186666666666668,0.1083815028901734,0.3055555555555556,0.092025,0.3489625,0.000150351,0.0005567055,24.85,0.1406666666666467,0.0244,1.3859999999999997,3.151763999999999,1.1266
2021,585,ТТ,0-10,[4],7.24,,19.6,383.63533600000005,0.16,1.5519,1.5853333333333337,0.1300578034682082,0.3055555555555556,0.1047666666666666,0.4932375,0.0002766555,0.000727389,24.95,0.11099999999999,0.03355,1.2979999999999996,2.951652,1.1979000000000002
2021,585,ТТ,10-20,[4],7.17,8.02,12.2,328.203176,0.15,1.561,1.7213333333333336,0.3034682080924861,0.25,0.08325,0.3945125,0.0001295015,0.0003984435,24.85,0.1806666666666482,0.02745,1.4739999999999998,3.3518759999999994,1.159
2021,585,ТТ,20-30,[4],7.3,7.97,9.4,223.238456,0.15,1.6093,1.586666666666667,0.1300578034682083,0.2777777777777778,0.107025,0.5308875,0.0001904285,0.0002441985,24.900000000000002,0.1363333333333353,0.0305,1.914,4.352436,1.0873
2021,586,ПП,0-10,[0],7.18,7.83,28.200000000000003,688.8011759999999,0.2,1.9424,1.0506666666666669,0.2167630057803475,0.3333333333333333,0.1007083333333333,0.4110125,0.0002046999999999,0.0016944525,24.95,0.1363333333333353,0.0305,1.804,4.102296,1.4504
2021,586,ПП,10-20,[0],7.16,8.34,14.6,598.9586959999999,0.13,1.3536,1.5546666666666669,0.4095,0.9444444444444446,0.1017833333333333,0.23137,0.000190187,0.0010500165,24.87,0.3375000000000128,0.0122,1.5179999999999998,3.451932,0.9396
2021,586,ПП,20-30,[0],7.2,8.19,19.8,600.909176,0.14,1.4224,1.5733333333333337,0.1819999999999999,0.5555555555555556,0.1063791666666666,0.2496325,0.000131215,0.0008836425,24.900000000000002,0.1818000000000239,0.01525,1.5399999999999996,3.501959999999999,1.0024000000000002
2021,586,ПП,30-40,[0],7.28,8.29,13.6,451.540936,0.13,1.2882,1.686666666666667,0.1365,0.9722222222222224,0.1002416666666666,0.221295,0.000108859,0.000664716,24.900000000000002,0.3516666666666168,0.01525,1.4299999999999995,3.2518199999999995,0.8982000000000001
2021,586,ПП,40-50,[0],,8.05,13.2,388.379096,0.13,1.1902,1.4880000000000002,0.364,2.333333333333333,0.1169625,0.2661949999999999,0.000132388,0.000639873,24.900000000000002,0.66599999999994,0.0122,1.2539999999999998,2.851596,0.8482
2021,586,ПП,50-70,[0],7.19,8.17,14.4,323.892856,0.15,1.4522,1.5413333333333334,0.2275,1.2222222222222223,0.1320916666666666,0.2598075,0.0001221989999999,0.00026023725,24.900000000000002,0.5419999999999447,0.0122,1.2539999999999998,2.851596,1.1101999999999999
2021,586,ПП,70-90,[0],7.08,8.43,12.6,357.41221600000006,0.16,1.4825,1.5466666666666666,0.4095,1.1111111111111112,0.14495625,0.286095,0.000155802,0.00023902125,24.95,0.4090000000000059,0.00915,0.9679999999999996,2.201231999999999,1.2185000000000001
2021,586,ПП,90-110,[0],7.22,7.99,10.6,334.006456,0.16,1.7029,1.7133333333333336,0.1365,0.4166666666666667,0.1423375,0.2997574999999999,0.0001668304999999,0.0003418155,24.900000000000002,0.1363333333333353,0.00915,1.914,4.352436,1.1809
2021,586,ПП,110-130,[0],7.32,8.37,9.8,288.30261599999994,0.13,1.5112,1.5813333333333337,0.1819999999999999,0.3888888888888889,0.1315749999999999,0.303595,0.000141726,0.00023096775,24.85,0.1125000000000042,0.0122,2.6619999999999995,6.053387999999999,0.7852000000000002
2021,586,ПП,130-150,[0],7.32,8.43,8.2,214.930856,0.1,1.5331,1.9080000000000004,0.1819999999999999,1.916666666666667,0.1383125,0.2661825,0.0002163495,0.0001704885,24.900000000000002,0.6060000000000798,0.01525,3.41,7.754339999999999,0.6030999999999999
2021,586,ПП,150-170,[0],7.36,8.34,7.6,227.348912,0.07,1.6106,1.964,0.1819999999999999,0.75,0.1367708333333333,0.2797075,0.000175053,0.00017586075,24.85,0.2813333333332934,0.01525,3.498,7.954452,0.6566000000000001
2021,586,ПП,170-190,[0],7.34,7.9,7.399999999999999,203.651784,0.07,1.5715,1.9733333333333336,0.2729999999999999,0.5555555555555556,0.1460604166666667,0.251345,0.000214544,0.0001677195,24.95,0.166499999999985,0.0122,4.576,10.405824,0.3235000000000001
2021,586,ПП,0-10,[1],7.25,7.99,19.2,560.9604559999999,0.15,1.465,2.632,0.364,0.7222222222222223,0.0947125,0.2263074999999999,0.0001846554999999,0.00098074275,24.900000000000002,0.3613333333332965,0.01525,1.2979999999999996,2.951652,1.1110000000000002
2021,586,ПП,10-20,[1],7.12,7.91,16.4,573.554296,0.15,1.4825,1.0413333333333334,0.2275,0.5277777777777778,,,,,,,0.0183,1.4519999999999995,3.301847999999999,1.0865
2021,586,ПП,20-30,[1],7.26,8.21,16.4,512.776376,0.13,1.3316,1.1719999999999997,0.2729999999999999,0.5833333333333334,0.0947541666666666,0.2251575,8.164999999999999e-05,0.0008153632499999,24.900000000000002,0.2045000000000029,0.0122,1.3419999999999996,3.051707999999999,0.9656
2021,586,ПП,0-10,[2],7.09,8.02,24.6,762.413736,0.19,1.9102,0.9813333333333336,0.0909999999999999,1.777777777777778,0.1076208333333333,0.2474075,0.0001561125,0.00151777275, ,0.450000000000017,0.01525,1.4959999999999998,3.401904,1.5022
2021,586,ПП,10-20,[2],7.2,8.28,16.2,549.6428559999999,0.14,1.3641,1.3093333333333332,0.4095,0.5,0.1320291666666667,0.23157,0.00015548,0.001041451125,24.87,0.1818000000000239,0.0122,1.5399999999999996,3.501959999999999,0.9441000000000002
2021,586,ПП,20-30,[2],7.22,8.0,13.999999999999998,456.01981599999993,0.13,1.2467,1.048,0.2275,0.3888888888888889,0.134075,0.2844575,4.602300000000001e-05,0.0007631909999999,,0.1406666666666467,0.01525,1.4299999999999995,3.2518199999999995,0.8567
2021,586,ПП,0-10,[3],7.2,8.02,35.2,780.738616,0.2,2.0082,1.5826666666666669,0.3185,0.3611111111111111,0.0948583333333333,0.2113325,0.0001231189999999,0.00144240525,24.985,0.11099999999999,0.01525,1.3859999999999997,3.151763999999999,1.6302
2021,586,ПП,10-20,[3],7.19,8.31,17.4,568.015896,0.15,1.3836,1.3039999999999998,0.2275,0.6111111111111112,0.1349708333333333,0.2156575,5.0346999999999984e-05,0.00102159525,24.900000000000002,0.2709999999999724,0.01525,1.4739999999999998,3.3518759999999994,0.9816
2021,586,ПП,20-30,[3],7.19,8.17,17.4,517.086696,0.14,1.4229,1.048,0.2275,0.3888888888888889,0.0903291666666666,0.211745,0.0001141144999999,0.00087489675,24.85,0.1363333333333353,0.0122,1.5179999999999998,3.451932,1.0089000000000001
2021,586,ПП,0-10,[4],7.04,7.78,23.0,761.4023759999999,0.23,2.1606,1.2966666666666666,0.25025,0.763888888888889,0.1163520833333333,0.2300137499999999,0.00014053575,0.0013292565,24.900000000000002,0.2726666666666706,0.0183,1.485,3.3768900000000004,1.7556
2021,586,ПП,10-20,[4],7.25,8.24,12.2,543.7673359999999,0.15,1.499,1.0133333333333334,0.364,1.1111111111111112,0.1027166666666666,0.2335574999999999,9.77155e-05,0.00096153525,24.85,0.3375000000000128,0.01525,1.584,3.602016,1.0670000000000002
2021,586,ПП,20-30,[4],7.2,8.31,16.0,577.7442159999999,0.22,2.099,1.0466666666666669,0.1819999999999999,0.4166666666666667,0.1033583333333333,0.25327,4.434400000000001e-05,0.00102530025,,0.1212000000000159,0.01525,1.364,3.101736,1.727
2020,525,ПП,0-10,[0],7.33,8.45,7.482159394236531,459.78352,0.34,1.4947,1.6649799999999813,0.0,9.666666666666668,0.2,0.8,0.0371434782608695,0.07895,22.7,0.5671,0.6500000000000001,1.1,,1.1946999999999999
2020,525,ПП,10-20,[0],7.3,8.43,6.321839080459769,375.72024,0.26,1.3616,2.721919999999966,0.0,0.8333333333333334,0.0,0.8,0.0335891304347826,0.048251282051282,24.2,0.108,0.7,1.5840000000000007,,0.9295999999999998
2020,525,ПП,20-30,[0],7.31,8.45,4.351395730706075,371.96376,0.23,1.3721,4.221849999999993,0.0,0.6666666666666667,1.35,0.7,0.0324478260869565,0.0397025641025641,24.4,0.109,0.6500000000000001,1.2759999999999994,,1.0241000000000002
2020,525,ПП,30-40,[0],7.32,8.46,4.351395730706075,257.63192000000004,0.17,1.7961,1.9144766666666595,0.0,0.4444444444444445,0.4,0.55,0.03705,0.0210692307692307,24.700000000000003,0.088,0.6,1.8040000000000007,,1.3040999999999998
2020,525,ПП,40-50,[0],7.33,8.5,6.321839080459769,225.728328,0.11,1.8826,7.081516666666672,0.0,1.027777777777778,0.2,0.65,0.0452195652173913,0.0152410256410256,24.71698113207547,0.1221,0.75,2.3759999999999994,,1.2346000000000004
2020,525,ПП,50-60,[0],7.33,8.54,5.829228243021345,198.741872,0.11,1.8085,8.937630000000054,0.0,5.0,0.8500000000000001,0.75,0.0458478260869565,0.0168423076923076,24.528301886792455,0.352,0.8,2.6663999999999994,,1.0813000000000001
2020,525,ПП,60-70,[0],7.42,8.56,7.307060755336616,194.21724,0.09,1.7636,4.41499333333334,0.0,2.7222222222222223,0.5,0.5,0.0467782608695652,0.011626923076923,23.9,0.2109,0.6500000000000001,2.6840000000000006,,1.0316
2020,525,ПП,70-80,[0],7.41,8.58,7.79967159277504,198.253048,0.09,1.7728,6.1539633333333015,0.0,3.055555555555556,0.5,0.475,0.0575434782608695,0.0194615384615384,23.9,0.2268,0.8,2.1559999999999997,,1.1848
2020,525,ПП,80-90,[0],7.41,8.64,7.79967159277504,192.139136,0.05,1.8116,2.0584633333333398,0.0,1.8972222222222224,0.95,0.4,0.0715260869565217,0.0135987179487179,22.16981132075472,0.1712,0.7,3.4320000000000004,,0.8756
2020,525,ПП,90-100,[0],7.57,8.87,9.27750410509031,190.800288,0.04,1.8834,5.611140000000032,0.0,0.7500000000000001,0.55,0.4,0.0938195652173913,0.0163435897435897,24.62264150943397,0.108,0.75,5.456,,0.39539999999999975
2020,525,ПП,100-110,[0],7.5,8.85,9.770114942528735,189.596288,0.05,1.7252,2.663460000000036,0.049,3.2500000000000004,0.5,0.45,0.1892282608695652,0.024701282051282,24.339622641509436,0.2461,0.85,3.102,,0.8792000000000001
2020,525,ПП,110-120,[0],7.85,8.94,10.75533661740558,187.002872,0.04,1.6552,4.333233333333332,0.147,3.055555555555556,0.6,0.4,0.1786717391304347,0.0961935897435897,24.528301886792455,0.2507,0.9000000000000001,2.706,,0.9172
2020,525,ПП,120-130,[0],7.77,8.87,12.233169129720851,198.669632,0.04,1.549,3.563440000000029,0.049,3.166666666666667,0.45,0.45,0.1610608695652174,0.017075641025641,24.433962264150946,0.2461,0.95,2.596,,0.8409999999999999
2020,525,ПП,130-140,[0],7.71,8.95,13.711001642036123,184.026584,0.03,1.3929,2.801646666666725,0.098,3.111111111111112,0.7,0.4,0.1251739130434782,0.0309641025641025,24.433962264150946,0.2354,0.75,3.058,,0.5589000000000001
2020,525,ПП,140-150,[0],7.82,8.93,16.66666666666667,203.5819520000001,0.03,1.3506,3.7456133333333774,0.049,3.1388888888888893,1.15,0.4,0.1667869565217391,0.0173641025641025,24.528301886792455,0.2576,0.835,2.31,,0.7206
2020,525,ПП,150-160,[0],7.89,8.95,15.188834154351394,175.947744,0.02,1.3192,2.5784833333333883,0.147,3.2222222222222228,0.35,0.5,0.2124021739130435,0.0246089743589743,24.339622641509436,0.2576,0.8550000000000001,2.728,,0.5751999999999998
2020,525,ПП,160-170,[0],7.96,9.18,4.8440065681445,123.453344,0.03,1.4051,3.203686666666614,0.049,8.777777777777779,0.7,0.45,0.2680869565217391,0.0141987179487179,24.4,0.55,0.86,2.376,,0.7571
2020,525,ПП,170-180,[0],7.91,8.98,5.336617405582922,109.81684,0.02,1.3615,5.295083333333345,0.098,3.1388888888888893,0.6,0.5,0.4247391304347826,0.0292166666666666,24.71698113207547,0.264,0.9000000000000001,2.31,,0.7314999999999999
2020,525,ПП,180-190,[0],7.84,9.22,4.351395730706075,103.967808,0.02,1.3379,3.97466,0.098,3.333333333333334,0.5,0.6,0.6540217391304348,0.028375641025641,24.62264150943397,0.2912,0.97,2.42,,0.6779000000000001
2020,525,ПП,190-200,[0],7.81,9.15,4.8440065681445,111.473544,0.02,1.4098,4.418539999999989,0.049,3.333333333333334,0.25,1.1,1.449934782608696,0.0863166666666666,24.62264150943397,0.3597,1.685,2.442,,0.7437999999999999
2020,525,ПП,0-10,[1],7.04,8.22,10.75533661740558,301.45752,0.21,1.4461,4.52229333333333,0.0,3.055555555555556,0.2,0.8500000000000001,0.3395217391304347,0.0528064102564102,24.81132075471698,0.2464,0.72,1.8228571428571425,,0.9489571428571428
2020,525,ПП,10-20,[1],7.36,8.14,7.79967159277504,263.60376,0.2,1.3342,3.348056666666675,0.0,2.944444444444445,0.15,0.6,0.0663065217391304,0.0386487179487179,24.81132075471698,0.224,0.71,0.9019999999999996,,1.0882
2020,525,ПП,20-30,[1],7.29,7.98,7.79967159277504,256.37976,0.2,1.3362,4.008433333333368,0.0,2.9722222222222228,0.55,0.7,0.065595652173913,0.0327910256410256,24.71698113207547,0.2309999999999999,0.77,0.9019999999999996,,1.0902000000000003
2020,525,ПП,0-10,[2],7.25,8.15,10.26272577996716,398.6444,0.19,1.5608,3.600100000000044,0.049,2.916666666666667,0.3,0.6,0.0597086956521739,0.0816743589743589,24.81132075471698,0.2268,0.845,0.88,,1.3208
2020,525,ПП,10-20,[2],7.3,8.04,6.814449917898193,283.83096,0.2,1.31,2.3626666666666667,0.0,2.861111111111112,0.6,0.6,0.093395652173913,0.0378871794871794,24.6,0.2268,0.76,1.0559999999999994,,1.0220000000000002
2020,525,ПП,20-30,[2],7.23,8.16,8.292282430213463,252.45472,0.19,1.5261,2.56,0.098,2.916666666666667,0.4,0.75,0.0608695652173913,0.0301794871794871,24.71698113207547,0.2442,0.82,1.21,,1.1961
2020,525,ПП,0-10,[3],7.34,8.04,12.725779967159276,336.01232000000005,0.18,1.3986,3.3626666666666667,0.147,2.861111111111112,0.3,0.5,0.0667391304347826,0.058151282051282,24.81132075471698,0.222,0.7249999999999999,0.77,,1.1886
2020,525,ПП,10-20,[3],7.36,8.14,7.307060755336616,285.56472,0.17,1.3004,3.7074871794871793,0.049,2.8888888888888893,0.15,0.6,0.0841543478260869,0.0335743589743589,24.90566037735849,0.214,0.7,1.1,,1.0004
2020,525,ПП,20-30,[3],7.3,8.14,9.27750410509031,272.99496,0.17,1.2437,2.361333333333333,0.049,2.8888888888888893,0.35,0.5,0.0671260869565217,0.0327910256410256,24.90566037735849,0.214,0.67,0.9239999999999998,,0.9917
2020,525,ПП,0-10,[4],7.28,8.22,7.307060755336616,254.2848,0.17,1.2304,3.062666666666666,0.098,2.861111111111112,0.5,0.6,0.0669695652173913,0.0308602564102564,24.90566037735849,0.2331,0.7150000000000001,0.9019999999999996,,0.9844
2020,525,ПП,10-20,[4],7.36,8.17,8.292282430213463,240.53512,0.16,1.4815,2.2133333333333334,0.098,1.805555555555556,0.0,0.75,0.0673065217391304,0.0502025641025641,24.433962264150946,0.1712,0.825,0.99,,1.2115
2020,525,ПП,20-30,[4],7.16,8.18,10.26272577996716,229.764136,0.16,1.5407,2.821333333333333,0.147,1.6388888888888888,0.0,0.7,0.0509826086956521,0.0328602564102564,24.62264150943397,0.1712,0.915,0.33,,1.4506999999999999
2020,526,ПП,0-10,[0],7.39,8.44,18.14449917898194,439.67672,0.18,1.4412,2.5053333333333336,0.147,1.9722222222222223,0.3,0.8,0.0787086956521739,0.1447820512820512,24.10546139359699,0.1961999999999999,0.835,0.77,,1.2312
2020,526,ПП,10-20,[0],7.33,8.03,13.2183908045977,350.60479999999995,0.17,1.3804,2.514666666666667,0.049,1.777777777777778,0.1,0.6,0.0414260869565217,0.0709128205128205,24.623352165725045,0.1744,0.8800000000000001,0.8139999999999998,,1.1584
2020,526,ПП,20-30,[0],7.32,8.23,10.75533661740558,285.4684,0.16,1.3295,2.8186666666666667,0.049,1.6944444444444446,0.0,0.6,0.0516282608695652,0.0523794871794871,24.623352165725045,0.1649999999999999,0.9000000000000001,0.77,,1.1195
2020,526,ПП,30-40,[0],7.41,8.29,6.321839080459769,221.357808,0.13,1.7412,1.1133333333333333,0.147,1.805555555555556,0.4,0.65,0.056045652173913,0.0757384615384615,24.576271186440678,0.1819,0.97,1.0120000000000002,,1.4652
2020,526,ПП,40-50,[0],7.32,8.21,5.336617405582922,177.209536,0.11,1.7896,2.8946666666666667,0.098,2.1944444444444446,0.05,0.65,0.0435782608695652,0.0219358974358974,24.67043314500942,0.1944,0.965,1.3420000000000003,,1.4236
2020,526,ПП,50-60,[0],7.5,8.19,10.75533661740558,157.62768,0.1,1.826,2.624,0.196,1.5833333333333333,2.7,0.75,0.0673217391304347,0.1688205128205128,24.52919020715631,0.216,0.93,1.958,,1.2920000000000003
2020,526,ПП,60-70,[0],7.35,8.34,6.321839080459769,153.18010399999997,0.1,1.8287,2.028,0.147,1.5,0.3,0.7,0.0617347826086956,0.0203576923076923,24.435028248587567,0.162,0.9250000000000002,2.09,,1.2587000000000002
2020,526,ПП,70-80,[0],7.54,8.44,5.336617405582922,143.79612799999998,0.08,1.8512,2.5173333333333336,0.196,1.7222222222222223,0.55,0.6,0.0724891304347826,0.0468320512820512,24.293785310734464,0.1836,0.975,2.53,,1.1612
2020,526,ПП,80-90,[0],7.47,8.51,3.858784893267652,146.12948,0.06,1.8523,10.021333333333336,0.147,1.6388888888888888,0.25,0.5,0.0778152173913043,0.0237474358974359,24.34086629001883,0.1679999999999999,0.85,2.4640000000000004,,1.1803
2020,526,ПП,90-100,[0],7.62,8.47,4.351395730706075,140.10948000000002,0.05,1.8676,2.824,0.098,1.5833333333333333,0.35,0.55,0.0876239130434782,0.0255730769230769,24.3879472693032,0.1728,0.99,2.596,,1.1595999999999997
2020,526,ПП,100-110,[0],7.44,8.4,3.0213464696223324,136.938144,0.03,1.6471,3.143952662721894,0.147,6.0,0.4,0.45,0.0976847826086956,0.0334602564102564,24.15254237288136,0.3888,0.8699999999999999,2.794,,0.8851
2020,526,ПП,110-120,[0],7.68,8.54,2.8735632183908044,142.568048,0.05,2.0838,2.6266666666666665,0.098,1.527777777777778,0.25,0.45,0.0872934782608695,0.0187384615384615,24.34086629001883,0.1664999999999999,0.915,2.794,,1.3218
2020,526,ПП,120-130,[0],7.6,8.76,2.8735632183908044,143.285632,0.03,1.73,3.325333333333334,0.196,1.5555555555555558,0.4,0.45,0.0992695652173913,0.0830538461538461,24.293785310734464,0.1792,0.9250000000000002,2.6180000000000003,,1.016
2020,526,ПП,130-140,[0],7.84,8.79,2.380952380952381,139.24500799999998,0.03,1.6826,2.813333333333333,0.196,1.805555555555556,0.25,0.5,0.101391304347826,0.1682692307692307,24.199623352165723,0.1887,0.8550000000000001,2.9920000000000004,,0.8666
2020,526,ПП,140-150,[0],7.7,8.73,3.366174055829228,142.73179199999998,0.03,1.5883,1.3506666666666671,0.245,1.8611111111111116,0.6,0.4,0.1111586956521739,0.1725769230769231,24.199623352165723,0.1961999999999999,0.965,2.6620000000000004,,0.8623
2020,526,ПП,150-160,[0],7.91,8.79,2.8735632183908044,144.186224,0.04,1.5612,2.6226666666666665,0.147,1.6111111111111112,0.35,0.35,0.1244282608695652,0.024951282051282,24.34086629001883,0.1635,0.905,2.3320000000000003,,0.9251999999999999
2020,526,ПП,160-170,[0],8.05,8.76,2.8735632183908044,131.510512,0.03,1.5866,1.024,0.098,1.5833333333333333,0.4,0.4,0.1260413043478261,0.0225051282051282,24.3879472693032,0.1744,1.005,2.596,,0.8785999999999999
2020,526,ПП,170-180,[0],7.87,8.85,4.8440065681445,135.664312,0.03,1.4615,1.525333333333333,0.098,1.5555555555555558,0.5,0.5,0.1408739130434782,0.0208987179487179,24.34086629001883,0.1712,1.0,2.266,,0.8435
2020,526,ПП,180-190,[0],8.11,8.96,6.321839080459769,132.42796,0.02,1.4657,1.3046153846153847,0.098,1.6666666666666667,0.5,0.3,0.141795652173913,0.0172346153846153,24.293785310734464,0.1728,0.94,2.486,,0.7877
2020,526,ПП,190-200,[0],8.0,8.73,5.336617405582922,130.860352,0.02,1.6116,0.6474074074074073,0.147,1.9444444444444449,0.45,0.65,0.1706217391304348,0.0341794871794871,24.34086629001883,0.2033,1.075,2.7280000000000006,,0.8675999999999998
2020,526,ПП,0-10,[1],7.47,8.92,28.48932676518883,395.56216,0.05,1.2562,1.412,0.098,1.8333333333333333,0.35,0.6,0.0523782608695652,0.1210987179487179,24.67043314500942,0.1792,0.8149999999999998,0.77,,1.0462
2020,526,ПП,10-20,[1],7.25,8.16,13.711001642036123,325.53752,0.21,1.9719,0.8839999999999998,0.147,2.416666666666667,0.05,0.6,0.0523891304347826,0.0909589743589743,24.717514124293785,0.214,0.98,0.8360000000000002,,1.7439
2020,526,ПП,20-30,[1],7.38,8.11,11.247947454844006,264.88,0.17,1.41,1.14,0.098,1.25,0.55,0.65,0.0510086956521739,0.0516115384615384,24.623352165725045,0.154,0.85,0.88,,1.17
2020,526,ПП,0-10,[2],7.26,8.15,12.233169129720851,296.13584,0.15,1.1776,7.142666666666666,0.196,1.1944444444444444,0.3,0.65,0.049341304347826,0.0535794871794871,24.67043314500942,0.1456,0.8,0.8360000000000002,,0.9496
2020,526,ПП,10-20,[2],7.46,8.23,10.26272577996716,248.7464,0.16,1.3029,2.244,0.147,1.1666666666666667,0.3,0.6,0.0460891304347826,0.0459628205128205,24.623352165725045,0.1391,0.85,1.0780000000000003,,1.0089
2020,526,ПП,20-30,[2],7.23,8.13,14.203612479474549,261.31616,0.13,1.1825,1.4671345029239768,0.098,1.1111111111111112,0.45,0.7,0.051645652173913,0.0483576923076923,24.73309608540925,0.1443,0.9000000000000001,1.0120000000000002,,0.9065000000000001
2020,526,ПП,0-10,[3],7.4,8.13,15.681444991789816,357.39536,0.18,1.8047,1.4062869757174392,0.098,1.0555555555555556,0.45,0.7,0.0481717391304347,0.0838294871794871,24.73309608540925,0.1417,0.8,0.8140000000000006,,1.5826999999999998
2020,526,ПП,10-20,[3],7.21,8.15,12.233169129720851,277.06448,0.18,1.4633,1.9274710743801653,0.049,1.1666666666666667,0.05,0.55,0.0501543478260869,0.0502538461538461,24.644128113879002,0.1344,0.75,0.9460000000000002,,1.2053
2020,526,ПП,20-30,[3],7.47,8.07,21.10016420361248,316.62792,0.17,1.3254,2.749333333333333,0.049,1.0555555555555556,0.05,0.55,0.0537130434782608,0.0590141025641025,24.73309608540925,0.1331999999999999,0.85,0.7920000000000004,,1.1093999999999997
2020,526,ПП,0-10,[4],7.29,8.13,20.60755336617405,300.85552,0.15,1.2489,4.410751773049646,0.098,1.1944444444444444,0.0,0.65,0.0448369565217391,0.0549205128205128,24.73309608540925,0.143,0.95,4.928,,-0.09509999999999996
2020,526,ПП,10-20,[4],7.4,8.18,11.247947454844006,242.58192000000005,0.16,1.3963,1.7106224677716388,0.049,1.1944444444444444,0.25,0.7,0.0505826086956521,0.0459423076923076,24.466192170818506,0.1526,0.95,4.136,,0.2683
2020,526,ПП,20-30,[4],7.32,8.27,9.27750410509031,218.215368,0.16,1.265,3.2453333333333334,0.0,1.138888888888889,0.25,0.7,0.0903021739130434,0.0579320512820512,24.19928825622776,0.1417,0.9000000000000001,1.1,,0.9649999999999999
2020,527,ПП,0-10,[0],7.4,8.16,17.65188834154351,444.4686400000001,0.3,3.3795,1.4591515151515153,0.049,1.1666666666666667,0.05,0.65,0.0538282608695652,0.1236628205128205,24.293785310734464,0.1404,0.8,0.77,,3.1695
2020,527,ПП,10-20,[0],7.26,8.16,15.681444991789816,363.70432,0.16,1.3643,1.4453333333333334,0.049,1.138888888888889,0.0,0.65,0.043445652173913,0.07415,24.466192170818506,0.132,0.8,0.77,,1.1543
2020,527,ПП,20-30,[0],7.42,8.06,23.070607553366173,377.67072,0.17,1.4363,2.28,0.049,1.1111111111111112,0.05,0.7,0.053445652173913,0.0672089743589743,24.811676082862526,0.1456,0.85,0.77,,1.2263
2020,527,ПП,30-40,[0],7.09,8.14,10.26272577996716,239.09032,0.12,1.6158,2.273333333333333,0.0,1.25,0.1,0.7,0.044191304347826,0.0356435897435897,24.466192170818506,0.1296,0.7,1.0339999999999998,,1.3337999999999999
2020,527,ПП,40-50,[0],7.09,8.24,6.814449917898193,170.060184,0.11,1.8547,3.430487972508592,0.098,1.5555555555555558,0.2,0.65,0.0423434782608695,0.0244794871794871,24.423076923076927,0.1635,0.95,1.76,,1.3747
2020,527,ПП,50-60,[0],7.1,8.4,4.8440065681445,162.159536,,,,,,,,,,,,,,,
2020,527,ПП,60-70,[0],7.33,8.45,4.8440065681445,139.98667199999997,0.08,1.7837,3.2283478260869565,0.0,1.5833333333333333,0.15,0.55,0.0491586956521739,0.015325641025641,24.423076923076927,0.1526,0.85,2.068,,1.2197
2020,527,ПП,70-80,[0],7.42,8.5,4.8440065681445,140.02279199999998,0.06,1.806,2.3082376237623765,0.049,1.4166666666666667,0.15,0.5,0.0534173913043478,0.0160179487179487,24.500000000000004,0.1498,0.85,2.42,,1.146
2020,527,ПП,80-90,[0],7.49,8.47,3.858784893267652,139.75791199999998,0.05,1.7508,1.653285371702638,0.049,1.527777777777778,0.05,0.5,0.0614086956521739,0.018251282051282,24.32692307692308,0.1568,0.8,2.442,,1.0848
2020,527,ПП,90-100,[0],7.62,8.37,1.8883415435139568,127.493968,0.04,1.8259,1.626666666666667,0.049,1.527777777777778,0.4,0.35,0.0689521739130434,0.0163807692307692,24.4,0.1443,0.75,2.904,,1.0339
2020,527,ПП,100-110,[0],7.62,8.77,2.380952380952381,142.41634399999998,0.04,1.7472,1.2226666666666668,0.098,1.6111111111111112,0.35,0.35,0.0658652173913043,0.0173128205128205,24.32692307692308,0.1554,0.75,2.508,,1.0632000000000001
2020,527,ПП,110-120,[0],7.43,8.79,3.858784893267652,138.065088,0.03,1.6987,2.126666666666667,0.0,1.527777777777778,0.2,0.25,0.0718782608695652,0.0245641025641025,24.51923076923077,0.1417,0.7,2.904,,0.9067000000000002
2020,527,ПП,120-130,[0],7.83,8.81,3.858784893267652,130.944632,0.03,1.4918,4.618666666666666,0.049,1.6944444444444446,0.3,0.3,0.0857,0.0247576923076923,24.03846153846154,0.1568,0.8,2.486,,0.8138
2020,527,ПП,130-140,[0],7.59,8.86,4.351395730706075,149.767968,0.03,1.4034,4.332,0.049,1.4166666666666667,0.3,0.25,0.0942782608695652,0.0275102564102564,24.230769230769234,0.1391,0.75,2.464,,0.7314
2020,527,ПП,140-150,[0],7.85,8.92,5.829228243021345,159.310872,0.03,1.2518,1.3279999999999998,0.098,1.5,0.3,0.25,0.0963326086956521,0.0263871794871794,24.615384615384617,0.154,0.85,2.244,,0.6397999999999999
2020,527,ПП,150-160,[0],7.88,8.99,5.829228243021345,139.1824,0.03,1.3108,5.292761904761905,0.098,1.6388888888888888,0.35,0.3,0.0986195652173913,0.0228038461538461,24.423076923076927,0.162,0.9000000000000001,2.31,,0.6808
2020,527,ПП,160-170,[0],7.92,8.92,8.292282430213463,134.87207999999998,0.03,1.3438,1.2266666666666668,0.049,1.527777777777778,0.25,0.3,0.1076086956521739,0.0215923076923076,23.26923076923077,0.1512,0.85,2.464,,0.6718000000000002
2020,527,ПП,170-180,[0],7.81,9.03,9.27750410509031,128.32232,0.04,1.3764,3.2296811594202897,0.049,1.5555555555555558,0.4,0.325,0.1391608695652174,0.0180102564102564,24.300000000000004,0.1512,0.8,2.354,,0.7344
2020,527,ПП,180-190,[0],7.85,9.09,7.307060755336616,139.40152799999998,0.03,1.2028,1.0279999999999998,0.098,1.5,0.4,0.25,0.226391304347826,0.0265089743589743,23.94230769230769,0.1526,0.85,2.2,,0.6028
2020,527,ПП,190-200,[0],7.78,8.85,7.79967159277504,136.998344,0.04,1.0884,1.2679581464872944,0.049,1.6111111111111112,0.4,0.25,0.0298152173913043,0.0596935897435897,24.000000000000004,0.162,0.9000000000000001,2.0460000000000003,,0.5304
2020,527,ПП,0-10,[1],7.18,8.24,11.74055829228243,328.52344000000005,0.16,1.5005,2.1413333333333333,0.049,1.6388888888888888,0.25,0.6,0.045941304347826,0.0883743589743589,24.51923076923077,0.154,0.7,1.804,,1.0085
2020,527,ПП,10-20,[1],7.21,8.18,11.74055829228243,289.99544000000003,0.16,1.4654,0.9999999999999998,0.049,2.083333333333334,0.25,0.8,0.044495652173913,0.0399551282051282,24.423076923076927,0.1979999999999999,0.95,1.166,,1.1474
2020,527,ПП,20-30,[1],7.2,7.69,8.784893267651888,231.122248,0.15,1.4218,1.2240000000000002,0.098,1.5833333333333333,0.25,0.55,0.0451978260869565,0.0817589743589743,24.51923076923077,0.1605,0.9000000000000001,1.166,,1.1038
2020,527,ПП,0-10,[2],7.28,8.33,10.26272577996716,353.30176,0.17,1.3382,1.3186666666666669,0.049,1.6944444444444446,0.15,0.6,0.0419586956521739,0.0930987179487179,24.6,0.1649999999999999,0.85,0.7039999999999998,,1.1462
2020,527,ПП,10-20,[2],7.13,8.37,10.75533661740558,327.51208,0.16,1.3689,1.4919999999999998,0.098,2.2500000000000004,0.2,0.7,0.0344391304347826,0.0480487179487179,24.900000000000002,0.2071,0.9000000000000001,0.77,,1.1589
2020,527,ПП,20-30,[2],7.13,8.36,9.770114942528735,281.06176,0.16,1.5385,0.992,0.049,2.2500000000000004,0.25,0.55,0.0337065217391304,0.0801141025641025,24.700000000000003,0.286,2.15,0.8579999999999997,,1.3045
2020,527,ПП,0-10,[3],7.26,8.23,13.2183908045977,359.20136,0.18,1.6728,1.0066666666666664,0.0,1.9444444444444449,0.1,0.55,0.0296391304347826,0.0785782051282051,24.615384615384617,0.1792,0.8,0.77,,1.4628
2020,527,ПП,10-20,[3],7.28,8.35,18.63711001642036,398.86112,0.19,1.7219,1.4173333333333331,0.098,1.7222222222222223,0.15,0.5,0.0613065217391304,0.1594487179487179,24.615384615384617,0.1649999999999999,0.6500000000000001,0.77,,1.5119
2020,527,ПП,20-30,[3],7.03,8.23,10.75533661740558,292.04224,0.17,1.5702,1.4146666666666667,0.0,1.777777777777778,0.3,0.6,0.0319826086956521,0.0411833333333333,24.71153846153846,0.176,1.0,0.7920000000000004,,1.3541999999999998
2020,527,ПП,0-10,[4],7.11,8.22,6.814449917898193,273.21168,0.17,1.359,2.8392880258899678,0.098,1.527777777777778,0.2,0.475,0.0323869565217391,0.0517807692307692,24.51923076923077,0.1417,0.7,0.9239999999999998,,1.107
2020,527,ПП,10-20,[4],7.37,8.27,7.79967159277504,268.44384,0.16,1.5813,1.7226666666666668,0.049,1.6111111111111112,0.15,0.5,0.0417934782608695,0.0370641025641025,24.500000000000004,0.1512,0.75,0.8579999999999997,,1.3473
2020,527,ПП,20-30,[4],7.37,8.28,7.307060755336616,223.464808,0.16,1.475,5.499103825136613,0.098,1.5555555555555558,0.3,0.4,0.0793086956521739,0.0802410256410256,24.6,0.1512,0.7,0.9679999999999996,,1.2110000000000003
2020,528,ПП,0-10,[0],7.15,8.23,9.770114942528735,338.75744000000003,0.17,1.5154,5.300817927170868,0.049,1.6111111111111112,0.175,0.45,0.0344369565217391,0.0672961538461538,24.615384615384617,0.1498,0.75,0.7039999999999998,,1.3234000000000001
2020,528,ПП,10-20,[0],7.16,8.21,8.784893267651888,320.6252,0.17,1.3075,3.309763440860215,0.049,1.6111111111111112,0.25,0.45,0.0478043478260869,0.0549192307692307,24.615384615384617,0.1443,0.6,0.6820000000000003,,1.1215000000000002
2020,528,ПП,20-30,[0],7.19,8.21,8.784893267651888,282.67512,0.17,1.262,4.615210884353742,0.0,1.6388888888888888,0.175,0.5,0.0394608695652173,0.0361115384615384,24.71153846153846,0.1512,0.8,0.5060000000000001,,1.124
2020,528,ПП,30-40,[0],7.25,8.31,7.307060755336616,222.49438400000005,0.14,1.5905,1.3266666666666664,0.049,1.527777777777778,0.2,0.55,0.0448,0.0299166666666666,24.51923076923077,0.1554,0.8,0.77,,1.3805
2020,528,ПП,40-50,[0],7.27,8.23,6.321839080459769,187.460392,0.12,1.7316,2.544822429906542,0.098,1.5,0.25,0.6,0.0544086956521739,0.0195717948717948,24.51923076923077,0.1554,0.75,1.32,,1.3716
2020,528,ПП,50-60,[0],7.3,8.25,5.829228243021345,174.63056799999998,0.11,1.7521,1.3253333333333333,0.049,1.5555555555555558,0.175,0.6,0.0552021739130434,0.022225641025641,24.51923076923077,0.154,0.85,1.54,,1.3321
2020,528,ПП,60-70,[0],7.28,8.35,5.336617405582922,164.30024799999998,0.09,1.7436,1.828,0.0,1.5,0.3,0.5,0.0547999999999999,0.0222564102564102,24.51923076923077,0.1404,0.75,1.804,,1.2516
2020,528,ПП,70-80,[0],7.34,8.5,4.8440065681445,149.597,0.09,1.807,3.324857142857142,0.049,1.4166666666666667,0.25,0.5,0.056,0.0221461538461538,24.51923076923077,0.143,0.75,1.958,,1.2730000000000001
2020,528,ПП,80-90,[0],7.44,8.37,4.351395730706075,136.99593599999997,0.05,1.975,1.7320000000000004,0.098,1.4166666666666667,0.25,0.5,0.0582804347826086,0.0192128205128205,24.134615384615387,0.154,0.8,2.838,,1.201
2020,528,ПП,90-100,[0],7.42,8.55,1.8883415435139568,137.36436,0.06,1.8546,2.0346666666666664,0.049,1.3611111111111112,0.25,0.35,0.0672043478260869,0.0211538461538461,24.300000000000004,0.1443,0.8,3.014,,1.0326
2020,528,ПП,100-110,[0],7.88,8.64,1.8883415435139568,144.523344,0.05,1.7941,2.130666666666667,0.049,1.4444444444444444,0.3,0.35,0.0646391304347826,0.0193410256410256,24.4,0.1456,0.75,2.882,,1.0081
2020,528,ПП,110-120,[0],7.5,8.69,2.380952380952381,133.49470399999998,0.03,1.7899,1.5319999999999998,0.049,1.4166666666666667,0.35,0.4,0.0673630434782608,0.021375641025641,24.4,0.1391,0.7,2.9479999999999995,,0.9859000000000002
2020,528,ПП,120-130,[0],7.54,8.66,1.3957307060755335,134.115968,0.03,1.679,2.0339047619047617,0.0,1.277777777777778,0.4,0.4,0.0730326086956521,0.0413192307692307,24.000000000000004,0.1308,0.6500000000000001,2.904,,0.8870000000000001
2020,528,ПП,130-140,[0],7.6,8.68,2.8735632183908044,136.384304,0.03,1.565,1.3336442451420027,0.098,2.111111111111112,0.45,0.4,0.0681326086956521,0.0230564102564102,24.1,0.1926,0.9000000000000001,2.574,,0.863
2020,528,ПП,140-150,[0],7.71,8.68,2.380952380952381,142.982224,0.03,1.3847,2.240824940047961,0.098,1.277777777777778,0.35,0.3,0.0739347826086956,0.0269897435897435,24.500000000000004,0.1296,0.7,2.508,,0.7007
2020,528,ПП,150-160,[0],7.69,8.82,3.366174055829228,145.426344,0.03,1.42,1.2226666666666668,0.049,1.6111111111111112,0.25,0.35,0.068341304347826,0.0212923076923076,24.4,0.1456,0.7,2.4199999999999995,,0.7600000000000001
2020,528,ПП,160-170,[0],7.87,8.87,4.351395730706075,123.60745599999998,0.03,1.2989,1.432,0.098,1.4166666666666667,0.3,0.3,0.081841304347826,0.0234871794871794,24.500000000000004,0.1456,0.75,2.3319999999999994,,0.6629
2020,528,ПП,170-180,[0],7.86,8.79,5.336617405582922,123.841032,0.03,1.3815,11.99855072463768,0.0,1.3888888888888888,0.35,0.25,0.0748369565217391,0.0295974358974358,23.800000000000004,0.1391,0.8,2.244,,0.7694999999999999
2020,528,ПП,180-190,[0],7.96,9.18,5.829228243021345,131.61887199999998,0.03,1.3127,1.726666666666667,0.098,1.527777777777778,0.35,0.2,0.0762630434782608,0.0242115384615384,24.615384615384617,0.1554,0.85,2.2,,0.7126999999999999
2020,528,ПП,190-200,[0],8.04,9.15,9.27750410509031,138.503344,0.02,1.5064,1.5319999999999998,0.049,1.4166666666666667,0.35,0.35,0.0386021739130434,0.0798602564102564,24.134615384615387,0.1443,0.8,2.552,,0.8103999999999999
2020,528,ПП,0-10,[1],7.3,8.58,9.770114942528735,344.8256,0.16,1.3457,1.5896450216450215,0.049,2.055555555555556,0.1,0.5,0.0412999999999999,0.0770961538461538,24.615384615384617,0.1712,0.8,0.66,,1.1657
2020,528,ПП,10-20,[1],7.41,8.35,11.247947454844006,331.2204,0.16,1.3473,1.5319999999999998,0.049,1.4166666666666667,0.15,1.1,0.0347173913043478,0.0498820512820512,24.71153846153846,0.1664999999999999,0.9000000000000001,0.6379999999999997,,1.1733
2020,528,ПП,20-30,[1],7.34,8.32,9.27750410509031,287.12992,0.16,1.2344,1.5213333333333332,0.098,1.6388888888888888,0.25,0.4,0.0351391304347826,0.0522589743589743,24.134615384615387,0.1554,0.75,0.6285714285714282,,1.0629714285714287
2020,528,ПП,0-10,[2],7.3,8.33,7.79967159277504,290.62152000000003,0.17,1.3262,4.1306666666666665,0.147,1.4444444444444444,0.1,0.55,0.0335760869565217,0.0556628205128205,24.03846153846154,0.1417,0.7,0.7479999999999997,,1.1222
2020,528,ПП,10-20,[2],7.33,8.48,14.69622331691297,306.61064,0.16,1.2879,3.329333333333333,0.049,1.4722222222222223,0.25,0.5,0.0349108695652173,0.0306205128205128,24.71153846153846,0.143,0.75,1.7599999999999996,,0.8079000000000002
2020,528,ПП,20-30,[2],7.32,8.4,5.336617405582922,212.166472,0.16,1.5338,2.0213333333333336,0.0,1.6388888888888888,0.15,0.55,0.0391695652173913,0.0974166666666666,24.51923076923077,0.154,0.8,0.9239999999999998,,1.2818
2020,528,ПП,0-10,[3],7.18,8.3,17.65188834154351,434.66808,0.18,1.4963,1.924,0.049,1.5833333333333333,0.15,0.55,0.0348086956521739,0.0618935897435897,24.71153846153846,0.1554,0.75,0.6379999999999997,,1.3223
2020,528,ПП,10-20,[3],7.21,8.34,11.74055829228243,327.19904,0.16,1.2553,16.230456140350878,0.049,1.777777777777778,0.2,0.4,0.0368717391304347,0.0477602564102564,24.80769230769231,0.1554,0.6500000000000001,0.6819999999999995,,1.0693000000000001
2020,528,ПП,20-30,[3],7.27,8.61,10.75533661740558,277.90728,0.16,1.406,12.227692307692305,0.098,1.6666666666666667,0.15,0.4,0.0432195652173913,0.1257166666666666,24.71153846153846,0.1526,0.7,0.7479999999999997,,1.202
2020,528,ПП,0-10,[4],7.2,8.12,12.233169129720851,454.77488,0.16,1.2724,2.7173333333333334,0.0,1.7222222222222223,0.15,0.45,0.0334304347826086,0.10235,24.723247232472325,0.154,0.6500000000000001,0.5059999999999993,,1.1344
2020,528,ПП,10-20,[4],7.19,8.23,13.2183908045977,440.92888,0.17,1.2707,2.016,0.049,1.7500000000000002,0.05,0.35,0.039045652173913,0.0857384615384615,24.723247232472325,0.1568,0.6500000000000001,0.3959999999999993,,1.1627
2020,528,ПП,20-30,[4],7.24,8.31,10.75533661740558,368.54440000000005,0.17,1.4252,4.077082508250825,0.098,1.6944444444444446,0.2,0.45,0.03855,0.0688205128205128,24.630996309963102,0.1635,0.85,0.9459999999999994,,1.1672000000000002
2020,529,ТТ,0-10,[0],7.35,8.28,22.08538587848932,339.26312,0.16,1.4499,2.62,0.049,1.6666666666666667,0.25,0.5,0.0368434782608695,0.0758935897435897,24.44649446494465,0.1498,0.7,0.7919999999999995,,1.2339000000000002
2020,529,ТТ,10-20,[0],7.42,8.23,22.08538587848932,329.24584,0.16,1.5393,5.129333333333333,0.0,1.4722222222222223,0.05,0.6,0.0413717391304347,0.0412679487179487,24.44649446494465,0.1404,0.8,0.8139999999999998,,1.3173
2020,529,ТТ,20-30,[0],7.04,8.32,7.79967159277504,239.66824000000005,0.14,1.4057,2.8226666666666667,0.0,1.6111111111111112,0.05,0.55,0.0470173913043478,0.0198410256410256,23.616236162361623,0.154,0.85,0.9239999999999998,,1.1537
2020,529,ТТ,30-40,[0],7.16,8.45,6.814449917898193,156.59464799999998,0.11,1.7163,2.825333333333333,0.049,1.5555555555555558,0.05,0.5,0.090895652173913,0.0218666666666666,24.07749077490775,0.154,0.85,1.54,,1.2963
2020,529,ТТ,40-50,[0],7.39,8.47,4.8440065681445,145.486544,0.1,1.816,3.214666666666667,0.049,1.777777777777778,0.35,0.4,0.068595652173913,0.0302666666666666,24.2619926199262,0.1635,0.85,1.826,,1.318
2020,529,ТТ,50-60,[0],7.38,8.34,3.858784893267652,140.05409600000002,0.1,1.8012,2.4226666666666667,0.049,1.6111111111111112,0.1,0.6,0.0874543478260869,0.0374641025641025,23.892988929889302,0.1664999999999999,0.9000000000000001,1.8919999999999997,,1.2852000000000001
2020,529,ТТ,60-70,[0],7.34,8.33,5.336617405582922,128.307872,0.09,1.8653,3.413396825396826,0.049,1.6388888888888888,0.45,0.5,0.0730804347826087,0.0175551282051282,24.53874538745388,0.1792,0.95,4.158,,0.7312999999999998
2020,529,ТТ,70-80,[0],7.39,8.39,1.8883415435139568,125.85411999999998,0.08,1.8629,2.522735930735931,0.098,1.5555555555555558,0.6,0.5,0.0847717391304347,0.0198935897435897,23.892988929889302,0.1728,0.95,3.388,,0.9389000000000001
2020,529,ТТ,80-90,[0],7.42,8.46,1.3957307060755335,120.17605600000002,0.08,1.8632,2.825333333333333,0.049,1.5555555555555558,0.35,0.7,0.0910978260869565,0.0183499999999999,24.07749077490775,0.1635,0.85,2.486,,1.1852
2020,529,ТТ,90-100,[0],7.47,8.47,0.4105090311986863,119.3766,0.05,1.8479,2.8954166666666663,0.0,1.527777777777778,0.65,0.15,0.1011630434782608,0.0224551282051282,24.6,0.1526,0.8,2.618,,1.1339000000000001
2020,529,ТТ,100-110,[0],7.44,8.57,0.4105090311986863,121.341528,0.06,1.8881,2.6226666666666665,0.049,1.6111111111111112,0.5,0.35,0.1149173913043478,0.0194205128205128,24.500000000000004,0.1512,0.8,2.5520000000000005,,1.1920999999999997
2020,529,ТТ,110-120,[0],7.67,8.6,0.4105090311986863,110.43810399999998,0.04,1.8452,2.966144927536232,0.049,1.6111111111111112,0.55,0.45,0.1167260869565217,0.018751282051282,23.70848708487085,0.1526,0.75,2.9920000000000004,,1.0292
2020,529,ТТ,120-130,[0],7.64,8.65,0.4105090311986863,114.623208,0.04,1.6569,3.0826394557823127,0.0,3.805555555555556,0.5,0.45,0.1391913043478261,0.0206987179487179,23.33948339483395,0.2616,0.6500000000000001,2.5740000000000003,,0.9549
2020,529,ТТ,130-140,[0],7.59,8.65,2.380952380952381,112.398216,0.03,1.4672,2.010356589147288,0.098,1.7222222222222223,0.4,0.1,0.1824326086956521,0.0388089743589743,24.169741697416978,0.1568,0.7,2.6620000000000004,,0.7412
2020,529,ТТ,140-150,[0],7.69,8.66,2.8735632183908044,118.748112,0.03,1.3749,3.482206896551725,0.049,2.166666666666667,0.4,0.55,0.2265869565217391,0.021451282051282,23.892988929889302,0.2016,0.85,2.442,,0.7089
2020,529,ТТ,150-160,[0],7.33,8.87,3.366174055829228,119.434392,0.03,1.4146,3.9186666666666663,0.0,1.6944444444444446,0.5,0.75,0.3139565217391304,0.0193576923076923,24.169741697416978,0.1776,0.8,2.3100000000000005,,0.7846
2020,529,ТТ,160-170,[0],7.82,9.07,2.8735632183908044,96.44039999999998,0.03,1.4942,2.37137649880096,0.049,1.5555555555555558,0.55,0.4,0.4434347826086956,0.0248807692307692,24.07749077490775,0.162,0.8,2.6620000000000004,,0.7681999999999999
2020,529,ТТ,170-180,[0],7.92,8.96,3.858784893267652,94.648848,0.03,1.4649,2.3270990990991,0.049,2.1944444444444446,0.1,0.4,0.6646739130434782,0.0161102564102564,23.523985239852397,0.2052,1.0,2.53,,0.7749000000000001
2020,529,ТТ,180-190,[0],7.9,8.93,4.351395730706075,92.963248,0.03,1.4637,2.720148148148148,0.0,1.9722222222222223,0.5,0.3,0.8850652173913044,0.0182807692307692,24.169741697416978,0.2128,0.95,2.3760000000000003,,0.8156999999999999
2020,529,ТТ,190-200,[0],8.05,8.98,4.351395730706075,89.03098399999999,0.03,1.5386,3.030814814814814,0.0,2.444444444444445,0.45,0.4,0.0560282608695652,0.0653948717948717,23.523985239852397,0.1961999999999999,0.8,2.882,,0.7525999999999999
2020,529,ТТ,0-10,[1],7.26,8.16,20.60755336617405,291.60880000000003,0.19,1.6611,3.938666666666668,0.049,1.277777777777778,0.6,0.4,0.0505608695652173,0.0775038461538461,24.630996309963102,0.143,0.7,0.7260000000000002,,1.4630999999999998
2020,529,ТТ,10-20,[1],7.53,8.33,20.60755336617405,349.83424,0.18,1.6485,2.7346666666666666,0.0,1.3611111111111112,0.4,0.15,0.0486108695652173,0.0365423076923076,24.44649446494465,0.1284,0.8,0.8580000000000004,,1.4144999999999999
2020,529,ТТ,20-30,[1],7.23,8.33,12.233169129720851,217.53872,0.17,1.5413,2.1846666666666668,0.0,1.3611111111111112,0.5,0.55,0.058795652173913,0.06015,23.985239852398525,0.1404,0.75,1.0340000000000007,,1.2592999999999996
2020,529,ТТ,0-10,[2],7.14,8.37,28.98193760262725,287.10584,0.18,1.5821,2.7386666666666666,0.049,1.277777777777778,0.5,0.35,0.0496195652173913,0.0481987179487179,24.44649446494465,0.1308,0.75,0.8580000000000004,,1.3481
2020,529,ТТ,10-20,[2],6.87,8.33,23.5632183908046,265.07264000000004,0.18,1.5933,2.9346666666666668,0.049,1.3611111111111112,0.45,0.6,0.0573086956521739,0.0617641025641025,23.892988929889302,0.1512,0.8,0.8360000000000002,,1.3653
2020,529,ТТ,20-30,[2],7.34,8.27,14.69622331691297,209.416536,0.16,1.5383,1.912,0.0,1.8333333333333333,0.55,0.5,0.0519434782608695,0.0534166666666666,17.78846153846154,0.1728,0.9000000000000001,0.9680000000000004,,1.2742999999999998
2020,529,ТТ,0-10,[3],7.38,8.19,19.12972085385878,256.452,0.16,1.5755,2.964969696969697,0.049,1.3611111111111112,0.4,0.65,0.0485826086956521,0.0405961538461538,24.44649446494465,0.1404,0.75,0.9020000000000004,,1.3295
2020,529,ТТ,10-20,[3],7.07,8.27,18.14449917898194,222.556992,0.16,1.5474,1.7346666666666668,0.049,1.3611111111111112,0.45,0.8500000000000001,0.0662152173913043,0.073051282051282,24.630996309963102,0.1456,0.6500000000000001,0.88,,1.3074000000000001
2020,529,ТТ,20-30,[3],7.4,8.21,9.770114942528735,200.88258400000004,0.15,1.6738,2.0973333333333337,0.049,2.138888888888889,0.25,0.2,0.0540217391304347,0.0639666666666666,24.354243542435427,0.1887,0.95,1.1880000000000004,,1.3497999999999999
2020,529,ТТ,0-10,[4],7.1,8.09,25.041050903119864,279.76144,0.17,1.6617,3.0360000000000005,0.049,1.3333333333333337,0.35,0.35,0.0537304347826086,0.0550487179487179,24.07749077490775,0.132,0.7,0.9240000000000006,,1.4096999999999997
2020,529,ТТ,10-20,[4],7.16,8.13,17.159277504105088,254.7664,0.15,1.6045,3.236,0.098,1.3333333333333337,0.5,0.1,0.0584304347826087,0.0532423076923076,24.354243542435427,0.1331999999999999,0.75,1.166,,1.2865
2020,529,ТТ,20-30,[4],7.07,8.18,11.74055829228243,200.80071200000003,0.14,1.6179,2.412,0.098,1.8333333333333333,0.35,0.55,0.1255239130434782,0.039101282051282,24.354243542435427,0.1819,0.9000000000000001,1.2320000000000004,,1.2818999999999998
2019,435,ПП,0-10,,7.1,8.34,83.28,663.63,0.22,2.1453,,,,,,,,,,,0.97,,1.8807545454545456
2019,438,ПП,0-10,,7.23,8.44,13.49,235.97,0.17,1.6585,,,,,,,,,,,1.06,,1.369409090909091
2019,440,ПП,0-10,,7.27,8.29,22.69,291.45,0.17,1.7281,,,,,,,,,,,1.06,,1.439009090909091
2019,443,ПП,0-10,,7.29,8.35,16.2,530.54,0.19,1.8233,,,,,,,,,,,1.06,,1.5342090909090909
2019,445,ПП,0-10,,7.33,8.39,19.99,276.84,0.17,1.7649,,,,,,,,,,,1.14,,1.453990909090909
2019,446,ПП,0-10,,7.15,8.35,81.66,684.97,0.26,2.7216,,,,,,,,,,,1.14,,2.410690909090909
2019,448,ПП,0-10,,7.33,8.46,14.04,227.31,0.17,1.7096,,,,,,,,,,,1.14,,1.398690909090909
2019,450,ПП,0-10,,7.34,8.26,17.28,326.73,0.17,1.6388,,,,,,,,,,,1.14,,1.3278909090909092
2019,451,ТТ,0-10,,7.37,8.38,21.61,308.89,0.17,1.7683,,,,,,,,,,,1.14,,1.457390909090909
2019,452,ТТ,0-10,,7.39,8.59,18.9,272.57,0.15,1.9853,,,,,,,,,,,2.02,,1.4343909090909093
2019,453,ТТ,0-10,,7.32,8.42,31.67,266.28,0.14,1.9219,,,,,,,,,,,2.11,,1.3464454545454545
2019,454,ТТ,0-10,,7.35,8.44,42.54,370.76,0.16,1.6936,,,,,,,,,,,1.41,,1.3090545454545455
2019,455,ТТ,0-10,,7.3,8.51,24.43,239.6,0.11,1.5152,,,,,,,,,,,1.67,,1.0597454545454545
2019,436,ТТ,0-10,,7.48,8.49,21.2,305.0,0.19,1.7655,,,,,,,,,,,1.23,,1.4300454545454546
2019,435,ПП,10-20,,7.28,8.36,19.77,277.86,0.18,1.6981,,,,,,,,,,,1.32,,1.3380999999999998
2019,438,ПП,10-20,,7.34,8.47,18.22,245.77,0.19,1.6749,,,,,,,,,,,0.97,,1.4103545454545454
2019,440,ПП,10-20,,7.32,8.29,19.25,256.23,0.17,1.676,,,,,,,,,,,1.14,,1.3650909090909091
2019,443,ПП,10-20,,7.35,8.52,17.18,343.81,0.18,1.7029,,,,,,,,,,,1.14,,1.391990909090909
2019,445,ПП,10-20,,7.39,8.4,24.43,312.72,0.16,1.8583,,,,,,,,,,,1.5,,1.449209090909091
2019,446,ПП,10-20,,7.29,8.49,37.36,528.47,0.23,2.2401,,,,,,,,,,,1.23,,1.9046454545454545
2019,448,ПП,10-20,,7.27,8.41,13.56,221.98,0.17,1.6731,,,,,,,,,,,1.14,,1.3621909090909092
2019,450,ПП,10-20,,7.26,8.7,22.74,253.07,0.16,1.6635,,,,,,,,,,,1.14,,1.352590909090909
2019,451,ТТ,10-20,,7.29,8.54,28.55,351.0,0.17,1.8046,,,,,,,,,,,1.23,,1.4691454545454545
2019,452,ТТ,10-20,,7.39,8.76,17.98,235.56,0.14,1.9609,,,,,,,,,,,2.46,,1.2899909090909092
2019,453,ТТ,10-20,,7.4,8.64,14.81,206.6,0.13,1.9009,,,,,,,,,,,2.38,,1.251809090909091
2019,454,ТТ,10-20,,7.33,8.37,56.58,446.89,0.17,1.766,,,,,,,,,,,1.23,,1.4305454545454546
2019,455,ТТ,10-20,,7.31,8.39,12.69,224.64,0.11,1.583,,,,,,,,,,,2.02,,1.032090909090909
2019,436,ТТ,10-20,,7.42,8.5,12.53,339.53,0.19,1.7689,,,,,,,,,,,1.23,,1.4334454545454545
